,estimator,query-strategy,accuracy,f1-micro,f1-macro,f1-weighted,attr_conc.mean,attr_conc.sd,attr_ent.mean,attr_ent.sd,attr_to_inst,best_node.mean,best_node.mean.relative,best_node.sd,best_node.sd.relative,c1,c2,can_cor.mean,can_cor.sd,cat_to_num,ch,class_conc.mean,class_conc.sd,class_ent,cls_coef,cohesiveness.mean,cohesiveness.sd,conceptvar.mean,conceptvar.sd,cor.mean,cor.sd,cov.mean,cov.sd,density,eigenvalues.mean,eigenvalues.sd,elite_nn.mean,elite_nn.mean.relative,elite_nn.sd,elite_nn.sd.relative,eq_num_attr,f1.mean,f1.sd,f1v.mean,f1v.sd,f2.mean,f2.sd,f3.mean,f3.sd,f4.mean,f4.sd,freq_class.mean,freq_class.sd,g_mean.mean,g_mean.sd,gravity,h_mean.mean,h_mean.sd,hubs.mean,hubs.sd,impconceptvar.mean,impconceptvar.sd,inst_to_attr,int,iq_range.mean,iq_range.sd,joint_ent.mean,joint_ent.sd,kurtosis.mean,kurtosis.sd,l1.mean,l1.sd,l2.mean,l2.sd,l3.mean,l3.sd,leaves,leaves_branch.mean,leaves_branch.sd,leaves_corrob.mean,leaves_corrob.sd,leaves_homo.mean,leaves_homo.sd,leaves_per_class.mean,leaves_per_class.sd,lh_trace,linear_discr.mean,linear_discr.mean.relative,linear_discr.sd,linear_discr.sd.relative,lsc,mad.mean,mad.sd,max.mean,max.sd,mean.mean,mean.sd,median.mean,median.sd,min.mean,min.sd,mut_inf.mean,mut_inf.sd,n1,n2.mean,n2.sd,n3.mean,n3.sd,n4.mean,n4.sd,naive_bayes.mean,naive_bayes.mean.relative,naive_bayes.sd,naive_bayes.sd.relative,nodes,nodes_per_attr,nodes_per_inst,nodes_per_level.mean,nodes_per_level.sd,nodes_repeated.mean,nodes_repeated.sd,nr_attr,nr_bin,nr_cat,nr_class,nr_cor_attr,nr_disc,nr_inst,nr_norm,nr_num,nr_outliers,nre,ns_ratio,num_to_cat,one_itemset.mean,one_itemset.sd,one_nn.mean,one_nn.mean.relative,one_nn.sd,one_nn.sd.relative,p_trace,pb,random_node.mean,random_node.mean.relative,random_node.sd,random_node.sd.relative,range.mean,range.sd,roy_root,sc,sd.mean,sd.sd,sd_ratio,sil,skewness.mean,skewness.sd,sparsity.mean,sparsity.sd,t1,t2,t3,t4,t_mean.mean,t_mean.sd,tree_depth.mean,tree_depth.sd,tree_imbalance.mean,tree_imbalance.sd,tree_shape.mean,tree_shape.sd,two_itemset.mean,two_itemset.sd,var.mean,var.sd,var_importance.mean,var_importance.sd,vdb,vdu,w_lambda,wg_dist.mean,wg_dist.sd,worst_node.mean,worst_node.mean.relative,worst_node.sd,worst_node.sd.relative
0,SVCLinear,uncertainty_sampling,0.48148148148148145,0.48148148148148145,0.4698457223001402,0.5163887590255051,0.09885891878289572,0.07633101509757642,2.031800647399887,0.5857445025625713,0.058823529411764705,0.7054166666666668,6.0,0.10564780325843665,5.0,0.9308165808016582,0.17245686626590673,0.42536709132923306,,0.0,3.3093968665292453,0.02757447878946507,0.012727567076535008,0.9308165808016582,0.3370830644935058,67.10620915032679,8.449513514222046,0.45211490205699134,0.1427243892529634,0.24252380543443527,0.19129806757362797,0.12064138384287926,0.20615209926898953,0.8625730994152047,0.7061404817241702,1.1294512527895857,0.6658333333333333,5.0,0.13118641905018172,6.0,12.896355612504497,0.9749879060426276,0.02428058107770499,0.509084813736709,,0.008887830596714974,,0.869281045751634,,0.5424836601307189,,0.5,0.21721580859978912,10.872989800284168,23.664493835110118,0.7733473876678839,10.847833292494508,23.66904048531146,0.6811285750690308,0.29830021459962147,30.714052287581698,10.90649433449175,17.0,2.971668685490134,0.5991899999999999,0.5641862989297064,2.8904405134171665,0.5674416720702864,4.81902635742534,4.261953149136433,0.1624634430265226,,0.3464052287581699,,0.3464052287581699,,29,6.517241379310345,2.308689944770355,0.034482758620689655,0.05769475531382327,853.4984126984126,996.2170493818993,0.5,0.0731489773641256,0.22090754710951566,0.6208333333333332,2.0,0.07192781875680028,3.0,0.9439531804007006,0.2901431726666661,0.2754401716945732,13.858214444444446,23.912627607999873,11.265956855482932,23.484808131794676,11.30529222222222,23.513496153136064,9.75235,22.815692515295257,0.07217671478437866,0.04418947414840213,0.33986928104575165,0.36242857134729584,0.14572329614962998,0.17647058823529413,0.38247199861082937,0.35294117647058826,0.4794540238549595,0.5729166666666667,1.0,0.18713699428394598,7.0,28,3.111111111111111,0.1830065359477124,2.8,1.3984117975602022,3.5,2.449489742783178,9,0,0,2,0.1111111111111111,1,153,0.0,9,8,0.6451928886011179,27.150361975738374,,0.21951219512195122,0.12124117479304364,0.8225,7.0,0.07675920341328443,4.0,0.1809371623858921,-0.02245735034305131,0.6341666666666667,3.0,0.041888299435876235,2.0,4.105864444444443,3.306265139909045,0.22090754710951566,0,0.6721129148919045,0.5349815887295917,1.2885015224633731,0.023605735661316078,1.109867871049544,1.433638115731377,0.009701328578068111,0.01126406432585265,0.45098039215686275,0.058823529411764705,0.026143790849673203,0.4444444444444444,11.25673624850657,23.512806828253765,5.649122807017544,2.5177316042576288,0.09981899180780013,0.12485731207769425,0.11907327586206896,0.1313752520120484,0.34408602150537637,0.11467993168037698,0.7061404817241705,0.8790947165575458,0.1111111111111111,0.11650021755007016,5.418101841780274,4.483503666234199e-06,0.8190628376141079,0.6260010242481958,0.22919982258104227,0.6475000000000001,4.0,0.025775023799248977,1.0
1,SVCLinear,uncertainty_sampling,0.5185185185185185,0.5185185185185185,0.5077138849929874,0.5509324190951119,0.08544375929621437,0.0629316967831989,2.021941791392206,0.610683877772078,0.060810810810810814,0.7028571428571428,6.0,0.11601860825021762,6.0,0.9411015623634795,0.14906202467466612,0.413429995638726,,0.0,2.4150813997214255,0.02375881529332434,0.011815948826853983,0.9411015623634795,0.3566413928671721,65.14020270270271,8.393210547339168,0.4600766853983304,0.13324338137561742,0.2345598836410624,0.1890781336454787,0.11306879203412601,0.20570116860886745,0.8634859349145063,0.6899333148658848,1.1087882762447905,0.6685714285714287,5.0,0.10243200400605466,4.0,15.00513527915786,0.9797830446635951,0.021321625022219574,0.5302343340288391,,0.008887830596714974,,0.8986486486486487,,0.5608108108108109,,0.5,0.2006654379042905,10.863414601367708,23.65875292297426,0.6607565390494518,10.838783136903114,23.663007265247984,0.6907213865534647,0.30098549370092914,30.27195945945946,9.990734612989618,16.444444444444443,2.897067591952213,0.5508536111111111,0.4779497081203848,2.9003247214438073,0.5885816687324436,5.076309753241853,4.313635987366619,0.16733293729604792,,0.3581081081081081,,0.3513513513513513,,28,6.142857142857143,1.9572143037204255,0.03571428571428571,0.05433041038252917,533.0793650793651,509.86180511728895,0.5,0.10101525445522107,0.2061625662533973,0.6,1.0,0.08832017614757812,3.0,0.949872169466764,0.27860524999999975,0.2694487841050453,13.858214444444446,23.912627607999873,11.265678093093094,23.47549303040317,11.296961111111111,23.507451247979038,9.75235,22.815692515295257,0.06271863231187726,0.04310969322726611,0.35135135135135137,0.37174312844534696,0.1391546148355721,0.18243243243243243,0.3875118986483422,0.3581081081081081,0.4810721463583592,0.6142857142857142,2.0,0.14213219940015004,7.0,27,3.0,0.18243243243243243,3.0,1.4142135623730951,3.375,1.3024701806293193,9,0,0,2,0.1388888888888889,1,148,0.0,9,9,0.6523218945728053,31.238295333638888,,0.225,0.1208414183400384,0.8176190476190476,7.0,0.10442586798663399,5.0,0.170924361293837,-0.020075872939593117,0.641904761904762,3.0,0.03043317069512854,1.0,4.105864444444443,3.306265139909045,0.2061625662533973,0,0.6637209879147672,0.5297015534248942,1.2808270398004624,0.022325648174871184,1.114375853484911,1.4755533925585056,0.010478019151031338,0.012646446492305136,0.4797297297297297,0.060810810810810814,0.02702702702702703,0.4444444444444444,11.26426238271605,23.499435740815095,5.2727272727272725,2.2148868832795743,0.11515571074861021,0.12251087429859879,0.12667410714285715,0.1270623798551823,0.3512747875354108,0.11302433151701609,0.6899333148658843,0.8626192565307504,0.1111111111111111,0.10579199531007522,6.200947268117705,4.719477543404421e-06,0.829075638706163,0.6142592338012626,0.23815928376543058,0.6566666666666666,4.0,0.08334315890676526,2.0
2,SVCLinear,uncertainty_sampling,0.5185185185185185,0.5185185185185185,0.5077138849929874,0.5509324190951119,0.08000951301624484,0.055405275312664905,2.013946561129634,0.6294125310203159,0.06293706293706294,0.7052380952380952,6.0,0.10759633604055706,5.0,0.9456603046006401,0.1384615384615384,0.39961866217300773,,0.0,1.497538231409796,0.021674073871524934,0.012836631509971707,0.9456603046006401,0.37923377859232366,63.59265734265734,8.068815946353299,0.46478980717142265,0.12567299415302616,0.2434117555408,0.18245490638974834,0.10285830702351251,0.19817931742090122,0.8645720476706392,0.6260031614809811,1.0489223880026066,0.6557142857142858,5.0,0.12751970389050668,7.0,16.625815076380032,0.9828570210074294,0.018639105441828244,0.552171733706959,,0.0011783524090561933,,0.8951048951048951,,0.5804195804195804,,0.5,0.1928473039599675,10.861226066601914,23.662974677828494,0.5040627673211968,10.83770495149225,23.667238087836047,0.6981707954673657,0.30107153921034696,29.86013986013986,9.409355940002138,15.88888888888889,2.7207626338169857,0.4825261111111123,0.3826101882283217,2.9027278315141336,0.608846112334152,5.702910384523566,4.936785630220015,0.16853514750634624,,0.3076923076923077,,0.2797202797202797,,25,5.44,1.2935738607954836,0.04,0.058490975290423734,239.0095238095238,118.79440690163452,0.5,0.028284271247461926,0.19004419757122198,0.5952380952380951,2.0,0.06571505252217287,2.0,0.9531028412147293,0.2736648973333323,0.26705266056710664,13.75265888888889,23.96783757094517,11.265479642579644,23.479472636306294,11.290851111111113,23.501662235244368,9.79346111111111,22.843757761992904,0.05687903421614024,0.044668424814287726,0.36363636363636365,0.37851491915859814,0.13516982041173106,0.1958041958041958,0.3982132852450449,0.27972027972027974,0.45043944748816384,0.570952380952381,1.0,0.11946909517291966,6.0,24,2.6666666666666665,0.16783216783216784,3.4285714285714284,2.29906813420444,2.6666666666666665,1.118033988749895,9,0,0,2,0.1111111111111111,1,143,0.0,9,9,0.6554817739013927,34.40753792472355,,0.225,0.12505348311817394,0.8095238095238095,7.0,0.0840820484961843,4.0,0.15969507515694448,-0.012211016699691856,0.6366666666666667,3.0,0.020701966780270642,1.0,3.9591977777777765,3.3232513359727167,0.19004419757122198,0,0.6233904572161573,0.5167793888589335,1.4854717637994561,0.017864265956651207,1.2071318218421168,1.5315273263590596,0.011469392586520737,0.014640650457133456,0.48951048951048953,0.06293706293706294,0.027972027972027972,0.4444444444444444,11.270139425287356,23.493899003040955,4.571428571428571,1.6832508230603465,0.15888394457504432,0.12956672693349297,0.14625,0.1159991833888282,0.3512747875354108,0.11575603225028144,0.6260031614809809,0.8132423242318536,0.1111111111111111,0.09166654250644947,7.608548770096254,5.021675703939404e-06,0.8403049248430555,0.5991336422254537,0.23404171754731448,0.650952380952381,4.0,0.07789269126808777,3.0
3,SVCLinear,uncertainty_sampling,0.46296296296296297,0.46296296296296297,0.4476190476190476,0.5055849500293944,0.07653187852174093,0.053295962971187806,2.0096077793373683,0.6417171117177113,0.06521739130434782,0.7467032967032967,6.0,0.1022512890611496,5.0,0.9557589912150007,0.11445544554455434,0.38679095190360957,,0.0,0.6670480273241339,0.019080353850582175,0.01475083071693083,0.9557589912150007,0.40957192870782944,61.84782608695652,7.677280373005656,0.4719246817829566,0.1163156273404429,0.24266600374452466,0.19352430181538297,0.09312143887595947,0.21198089548680055,0.8653337564794246,0.5744175720549877,1.0435611761296737,0.6445054945054945,4.0,0.09310264415912702,4.0,18.48712206692761,0.9882716184472904,0.013935415779210652,0.574963537905195,,0.0019837472045529767,,0.9130434782608695,,0.6014492753623188,,0.5,0.17421471420538126,10.852129338890228,23.648877407332904,0.3266109100159233,10.830586469130616,23.65264095394196,0.6999389102171064,0.29956956812292646,29.369565217391305,8.45413330168013,15.333333333333334,2.5909964673666166,0.46030777777777776,0.3640520087081576,2.9136681347260396,0.6210534621030506,6.634431515157732,7.468378942439857,0.1738789508150289,,0.3188405797101449,,0.3405797101449275,,26,5.769230769230769,1.7042932214309205,0.038461538461538464,0.05974704188446002,347.7142857142857,253.72606665054968,0.5,0.054392829322042084,0.17592722750600318,0.5714285714285714,2.0,0.0697415119584607,2.0,0.9596198277672758,0.272022506000001,0.26778198115027435,13.46154777777778,23.861472932544302,11.265375958132045,23.461636986846347,11.287521111111111,23.491200579770524,9.793478888888888,22.843750510785465,0.05169863582633005,0.048587192305518216,0.41304347826086957,0.39361118483548396,0.12777663940085682,0.2318840579710145,0.4235728304125569,0.2898550724637681,0.4553477623554458,0.5653846153846154,1.0,0.14584206648913214,7.0,25,2.7777777777777777,0.18115942028985507,3.125,1.4577379737113252,3.5714285714285716,2.0701966780270626,9,0,0,2,0.1111111111111111,1,138,0.0,9,9,0.6624816500554953,37.87158233900396,,0.225,0.12734215072837907,0.8043956043956044,7.0,0.08935777124299026,3.0,0.1496072404745004,-0.02052031756032708,0.6736263736263737,5.0,0.1320765548661656,6.0,3.6680688888888895,3.18515398571421,0.17592722750600318,0,0.591391967322894,0.5027496913684416,1.4419705587212652,0.026785233851709576,1.1695681106078792,1.9203328757719118,0.012691837494004704,0.01751543004352949,0.5362318840579711,0.06521739130434782,0.028985507246376812,0.4444444444444444,11.274264748677247,23.481533024931558,4.901960784313726,2.002547397299593,0.12116217556367825,0.09857786997738031,0.14122596153846154,0.12844706238968046,0.35127478753541075,0.11741030247031678,0.5744175720549878,0.78599388131878,0.1111111111111111,0.13392874035917118,11.20145709309402,5.313633593703323e-06,0.8503927595254995,0.5994087146774331,0.23547043341871327,0.623076923076923,3.0,0.029441071498036837,1.0
4,SVCLinear,uncertainty_sampling,0.6481481481481481,0.6481481481481481,0.6421346355074992,0.6404164890387423,0.07505724159012266,0.05292357182441812,2.010486552724095,0.6388914110712285,0.06766917293233082,0.7274725274725273,6.0,0.09404008408634044,4.0,0.9494520153879485,0.1295336787564766,0.3602083730874114,,0.0,0.654192363808009,0.019515252374719114,0.014653798760500134,0.9494520153879485,0.4173862725896911,59.2312030075188,7.428805018060073,0.4689014048476454,0.12129864352411666,0.2336330376890725,0.19442216311109423,0.08670165733937123,0.19203341888908357,0.8660287081339713,0.5328505764076227,0.9392628991473773,0.6384615384615384,5.0,0.11067485368381666,6.0,17.623664155816456,0.9895281412359629,0.012173524090566577,0.6127203435899611,,0.0022961540769431657,,0.9172932330827067,,0.6090225563909775,,0.5,0.1860807318911967,10.853118156840601,23.656958674402958,0.3188118579923371,10.832298231715782,23.660805150099677,0.7011275077199977,0.2979138375721173,27.94172932330827,8.499715192312122,14.777777777777779,2.5023340283623465,0.45252555555555574,0.35691263759886377,2.9060648669910094,0.6158476975868578,6.010887281262554,7.318985462120575,0.18335929368580983,,0.3533834586466166,,0.33834586466165417,,25,5.48,1.4177446878757827,0.04,0.058309874438434724,254.11428571428573,136.77218425355184,0.5,0.028284271247461926,0.14909518274454078,0.6082417582417583,2.0,0.07385518361561252,3.0,0.9582791565379615,0.2654315253333329,0.26158143643627996,13.324154444444446,23.847814877042254,11.265235914786967,23.469684710465685,11.28752,23.495011924951214,9.793478888888888,22.843750510785465,0.05387370112103472,0.04822070281340965,0.40601503759398494,0.3908962527517919,0.12916356229996453,0.23308270676691728,0.42439293622760815,0.3383458646616541,0.4749356901459776,0.5390109890109891,1.0,0.1338488303984233,7.0,24,2.6666666666666665,0.18045112781954886,3.4285714285714284,1.9023794624226837,3.4285714285714284,2.29906813420444,9,0,0,2,0.08333333333333333,1,133,0.0,9,9,0.6581099875431143,36.3185155444817,,0.22499999999999995,0.12682779608011316,0.7950549450549451,7.0,0.09763983449796516,5.0,0.12975007204227976,-0.007231122182682578,0.6313186813186814,3.5,0.0250387133335302,1.5,3.5306755555555562,2.852766851212658,0.14909518274454078,0,0.5757694453337534,0.4759281852403209,1.4396636453361547,0.015009820754142322,1.0747839655821578,1.8558170878906075,0.012818314026417307,0.017618132419718557,0.5714285714285714,0.06766917293233082,0.03007518796992481,0.4444444444444444,11.275674046639232,23.485580086280187,4.612244897959184,1.7773614166629634,0.1673956655974524,0.09102840249740021,0.149375,0.12206265600988493,0.35127478753541075,0.11680877843036426,0.5328505764076226,0.7013472036065148,0.1111111111111111,0.12356614759502196,11.01718506232351,6.183529466850912e-06,0.8702499279577202,0.6116989515597513,0.2335872945564808,0.6313186813186814,3.5,0.0250387133335302,1.5
5,SVCLinear,uncertainty_sampling,0.5555555555555556,0.5555555555555556,0.55,0.575925925925926,0.07802428922209896,0.05456398251525284,2.010804226295829,0.6389083146794187,0.0703125,0.7346153846153846,6.0,0.08919244682526196,4.0,0.9484880760741912,0.13181299885974906,0.3510833541670639,,0.0,0.5821370054467132,0.018865706872067563,0.015654202900274992,0.9484880760741912,0.4197562085883364,56.748046875,7.2051966218827195,0.46828461506115804,0.12284190345256427,0.23373904496568743,0.19375964673126345,0.089334150684021,0.19764266666201638,0.8671259842519685,0.5480228730510271,0.9681145179423251,0.6083333333333334,3.0,0.12036004439938672,6.0,18.008763585224777,0.9897321909964796,0.012347987757070305,0.6263676767376469,,0.0022961540769431657,,0.9140625,,0.6015625,,0.5,0.18782523875267668,10.854621503377782,23.656918163062972,0.311216343823631,10.833168392589396,23.660890325590923,0.7129548063378162,0.29304304361138267,26.728515625,8.2233539711718,14.222222222222221,2.5467272139094765,0.45699055555555623,0.3634784530103237,2.906624162684274,0.6175553509991991,5.801751760926463,7.060950905032842,0.183529019741409,,0.375,,0.3359375,,25,5.64,1.7291616465790582,0.04,0.05799696079052333,340.768253968254,363.6171305830917,0.5,0.028284271247461926,0.14058837775389257,0.5461538461538462,1.0,0.08405886224725255,3.0,0.95745849609375,0.26955315333333446,0.265618852833618,13.324154444444446,23.847814877042254,11.265267005208333,23.470295996249277,11.287518888888888,23.491598174202856,9.793478888888888,22.843750510785465,0.052668139685745824,0.05337579939123421,0.390625,0.3901795533795077,0.13253244205154568,0.2265625,0.4202519632297096,0.359375,0.4817026069836068,0.5480769230769231,2.0,0.14035225140479754,7.0,24,2.6666666666666665,0.1875,2.6666666666666665,1.8027756377319946,2.6666666666666665,1.8708286933869707,9,0,0,2,0.08333333333333333,1,128,0.0,9,9,0.6574418357255525,37.17875927066465,,0.225,0.1266813999106946,0.7826923076923077,7.0,0.11767472511407989,5.0,0.12325952157319602,-0.00728515142307522,0.6333333333333334,5.0,0.029730815608420634,1.0,3.5306755555555562,2.852766851212658,0.14058837775389257,0,0.5834640129296164,0.48326151926310323,1.439937052726098,0.013752045563648575,1.0612521684951095,1.8243786378872888,0.01274917474053345,0.01751004127001877,0.5546875,0.0703125,0.03125,0.4444444444444444,11.275873988603989,23.486871746310502,4.775510204081633,2.023459353459328,0.118977045595797,0.1138397054825884,0.14796875,0.1252137962499405,0.35127478753541075,0.11689978069466977,0.5480228730510274,0.7236176119323279,0.1111111111111111,0.1088441147273435,11.530759617513358,6.685423505531482e-06,0.876740478426804,0.6191464150141854,0.23462502658531673,0.6256410256410257,4.0,0.04221910781274689,2.0
6,SVCLinear,uncertainty_sampling,0.5185185185185185,0.5185185185185185,0.5077138849929874,0.5509324190951119,0.07436566602261203,0.060259565683023236,1.7550477000045088,0.5135563202172524,0.07317073170731707,0.7307692307692308,6.0,0.07150940397727143,2.0,0.9536818743463132,0.11945307644499681,0.34815076864422784,,0.0,0.4227757391533016,0.020493958213688046,0.021757368434243755,0.9536818743463132,0.4321045537127117,55.420731707317074,6.7450510905636785,0.47201594185087614,0.11785130083520742,0.24224423631857592,0.19883709282380466,0.08260798921838676,0.19184769461565385,0.8693855791016927,0.5109788021572217,0.9236749077516805,0.6730769230769231,5.0,0.11746307800756199,6.0,22.44538108026074,0.9918094664744491,0.009620177589967966,0.63285225782378,,0.0024325592696328585,,0.926829268292683,,0.6016260162601627,,0.5,0.17821390420148758,10.846877201189265,23.651138523856332,0.26045688350971474,10.828181823899117,23.65399733526498,0.72544909491972,0.28865203390702787,26.270325203252032,7.667634334448833,13.666666666666666,2.4235754821898885,0.42641111111111135,0.3536142617473329,2.6662405708923327,0.49867066720120484,8.112959925769088,12.159730383214121,0.18264701992912158,,0.31707317073170727,,0.30081300813008127,,25,5.72,1.837570860311696,0.04,0.05913761006152303,371.5492063492064,386.1924695003545,0.5,0.028284271247461926,0.13792693811645865,0.6006410256410256,2.0,0.10962392296097236,5.0,0.957036155727411,0.260482936,0.26218776610431865,13.324154444444446,23.847814877042254,11.265282981029811,23.46157985939065,11.28418222222222,23.487167547808834,9.813478888888888,22.834466949088412,0.042489003458489494,0.04863686058871593,0.4065040650406504,0.3921588644962526,0.13096267662143485,0.21138211382113822,0.4099586648560768,0.2764227642276423,0.4490575378104988,0.5185897435897435,1.0,0.15847874449040808,7.0,24,2.6666666666666665,0.1951219512195122,2.6666666666666665,1.5811388300841898,3.0,1.5118578920369088,9,0,0,2,0.1111111111111111,1,123,0.0,9,9,0.6610419023542711,40.30592758474881,,0.27272727272727276,0.1330655356019463,0.7955128205128206,7.0,0.08838253625755979,4.0,0.12120895770756665,-0.009201449782358845,0.6262820512820512,3.0,0.037138940460541746,1.0,3.510675555555556,2.855925262918794,0.13792693811645865,0,0.560171718719424,0.4709933690267482,1.421849760988024,0.016856417644970114,1.2226859187938355,2.1821435611020763,0.013865732972971966,0.0197853252805458,0.5284552845528455,0.07317073170731707,0.032520325203252036,0.4444444444444444,11.277129955555555,23.480514163306946,4.857142857142857,2.111476576553321,0.11834866670620361,0.11695207797097149,0.14703125,0.12731134357279872,0.3983402489626556,0.11250723120623662,0.5109788021572217,0.6853540394453034,0.1111111111111111,0.10597109191140561,12.99318655999897,7.18560341207181e-06,0.8787910422924333,0.597464223754449,0.23216232589821686,0.6512820512820512,4.0,0.07241036536637403,3.0
7,SVCLinear,uncertainty_sampling,0.5370370370370371,0.5370370370370371,0.5291245204046041,0.5630353059721738,0.07656034839075919,0.061264412089935494,1.759090153587318,0.5112557887465993,0.07627118644067797,0.737878787878788,6.0,0.07099508440729528,2.0,0.9392547207311598,0.153315649867374,0.3499211766868287,,0.0,0.41815991178587225,0.021733818427512177,0.022827947741406576,0.9392547207311598,0.4357440638027914,52.90042372881356,6.554231345998404,0.46222737660262697,0.13568602455306097,0.24136684071820003,0.20040433999585494,0.08475841336777895,0.19611097193371568,0.8633927277995075,0.5255581286762308,0.9463536710132896,0.6606060606060608,5.0,0.1131470948588268,5.0,21.042987870493928,0.9917752095219767,0.010684165414747539,0.6253588589003554,,0.0024325592696328585,,0.923728813559322,,0.5847457627118644,,0.5,0.2037426318673103,10.849887500235626,23.651658415155108,0.2710784284133163,10.830708066496166,23.654551071212126,0.7050089368926454,0.2898764776144294,24.527542372881356,8.123859808117682,13.11111111111111,2.48034581901293,0.4455869444444438,0.3658332896915307,2.6537098288338887,0.4954053335268186,7.753389350615262,11.650860813431834,0.18168187482848475,,0.3813559322033898,,0.3813559322033898,,23,5.739130434782608,1.93572611004825,0.043478260869565216,0.06358778755621203,355.9492063492063,367.71383053132655,0.5,0.03074377309506726,0.13952949519867794,0.5840909090909091,2.0,0.09538972198995169,4.0,0.9554725653547831,0.2605002329999991,0.2575959292893021,13.324154444444446,23.847814877042254,11.265519717514124,23.463310835354484,11.289184444444446,23.49732976342584,9.813478888888888,22.834466949088412,0.04463504548458941,0.05003771296074695,0.4067796610169492,0.38661671641544576,0.13170808417207136,0.2033898305084746,0.4042365820341745,0.4152542372881356,0.4948671787000443,0.509090909090909,1.0,0.15430098839902562,7.0,22,2.4444444444444446,0.1864406779661017,2.4444444444444446,1.2360330811826103,2.75,1.5811388300841898,9,0,0,2,0.1111111111111111,1,118,0.0,9,9,0.6510417615024222,38.41051553749749,,0.27272727272727265,0.13126114926199964,0.7901515151515153,7.0,0.12412585892632746,6.0,0.1224448298938948,-0.013267672924415084,0.6356060606060607,3.0,0.07795221813006217,3.0,3.510675555555556,2.855925262918794,0.13952949519867794,0,0.568508411064311,0.4771277131214805,1.4108394954522452,0.018033219112610414,1.2064565729317287,2.1358311219200665,0.013748863668076027,0.0196640234083697,0.5254237288135594,0.07627118644067797,0.03389830508474576,0.4444444444444444,11.277073070987655,23.48349579819765,4.888888888888889,2.1765508809521856,0.11389013276569504,0.1288691523918475,0.14894701086956522,0.13478262999920018,0.3983402489626556,0.11219264120097738,0.5255581286762311,0.703141971029918,0.1111111111111111,0.12094796296167637,12.86086681295756,7.973498523044597e-06,0.8775551701061052,0.6085898397793054,0.23140237781079478,0.6439393939393939,4.0,0.03425419183396597,1.0
8,SVCLinear,uncertainty_sampling,0.5185185185185185,0.5185185185185185,0.5077138849929874,0.5509324190951119,0.0783368355894934,0.0661334931350365,1.7572159017167022,0.514375957532563,0.07964601769911504,0.7333333333333334,6.0,0.08804408000818284,3.0,0.9375743907892077,0.1571655361524028,0.3583075095909264,,0.0,0.40739002450980555,0.02133717111265523,0.02228999074531672,0.9375743907892077,0.4285813630041725,49.40929203539823,6.846251739979194,0.4613813757347255,0.13725557750727954,0.242752866736979,0.1995384321951632,0.08751837697885945,0.20126256703070838,0.8647281921618205,0.540471891217081,0.9726059896735988,0.6886363636363637,5.0,0.13934498115498953,6.0,21.33111135213793,0.9919789504918284,0.01066819201187437,0.6121416772615934,,0.0027718381147741568,,0.9203539823008849,,0.6017699115044248,,0.5,0.20650021043500946,10.85294065113462,23.65072739959373,0.27765967654911233,10.833029471078126,23.653743376152427,0.7152024298896557,0.28368256983914747,22.900442477876105,7.800314770363498,12.555555555555555,2.5332171583624756,0.45919999999999994,0.38391504268522736,2.650836914957429,0.4986120524179769,7.415418448563033,11.148549709077479,0.19755920015636463,,0.34513274336283184,,0.34513274336283184,,22,5.5,1.6832508230603465,0.04545454545454546,0.06289061754805661,254.36190476190484,191.04851449974737,0.5,0.06428243465332248,0.14729457858656686,0.5840909090909092,2.0,0.09938400726428862,4.0,0.9534810870075965,0.2687327813333332,0.2706568958233621,13.25859888888889,23.875929091200014,11.265696017699115,23.463586142342727,11.293075555555555,23.49278546982834,9.813478888888888,22.834466949088412,0.043953377548481005,0.04979856822699036,0.39823008849557523,0.38257863851821555,0.13017781871073186,0.17699115044247787,0.38336127346461935,0.3185840707964602,0.46800272293285466,0.503030303030303,1.0,0.14664739556729522,7.0,21,2.3333333333333335,0.18584070796460178,2.625,1.3024701806293193,3.0,2.0,9,0,0,2,0.1111111111111111,1,113,0.0,9,9,0.6498770455407477,38.97908692633407,,0.2727272727272727,0.13217900950808736,0.7946969696969697,7.0,0.1330714638392376,5.0,0.1283842714292518,-0.015383090374142705,0.6363636363636364,3.0,0.03499092540543187,2.0,3.445120000000001,2.8373467411650637,0.14729457858656686,0,0.5767221409606662,0.4835766705091138,1.4132775746216562,0.019562906078469378,1.1883972243729284,2.091202824201913,0.014199327951467163,0.020899156431977817,0.5575221238938053,0.07964601769911504,0.035398230088495575,0.4444444444444444,11.277070901771337,23.483075192222074,4.651162790697675,1.9625508295538492,0.13303320227955623,0.1289410910070423,0.15589488636363635,0.1334233430183371,0.3983402489626556,0.11281263803989479,0.5404718912170812,0.7229068277445387,0.1111111111111111,0.13106194417024475,12.859318612038654,8.716235371766559e-06,0.8716157285707482,0.6321010208337468,0.24417745744351765,0.6454545454545455,4.0,0.014637754289080228,1.0
9,SVCLinear,uncertainty_sampling,0.5185185185185185,0.5185185185185185,0.49350649350649345,0.5101811768478435,0.07786332077336369,0.062061308011958895,1.756960703757001,0.5173389712961239,0.08333333333333333,0.7490909090909091,6.0,0.09867813201197993,2.0,0.9182958340544894,0.19999999999999996,0.36450001243869795,,0.0,0.6440580487872508,0.0226850305657192,0.02112835243197837,0.9182958340544894,0.4318163640726226,47.25,6.503122003652748,0.4495957617764584,0.15243899530494562,0.2435645650106903,0.19643365308253846,0.082801845430945,0.17866030129318142,0.8650051921079959,0.5082467941432746,0.8767883713008621,0.6127272727272727,2.0,0.12964598261450608,5.0,19.74733878897212,0.9908732956970174,0.009277251169415026,0.5960803318756711,,0.0014372493928458594,,0.9166666666666666,,0.5925925925925926,,0.5,0.23570226039551584,10.849315172222383,23.651990270191547,0.3509449693418405,10.830251937138895,23.65496882321771,0.7088056329566825,0.2796334386838117,21.328703703703702,8.187557387124855,12.0,2.4336392034511665,0.43807194444444547,0.3560734216197949,2.628754280273512,0.4999967504657678,7.305798277886593,10.70201121567892,0.18615530765360733,,0.32407407407407407,,0.34259259259259256,,22,5.5,1.6832508230603465,0.04545454545454545,0.06369715952381397,254.36190476190484,191.04851449974737,0.5,0.06428243465332248,0.15321666485379168,0.639090909090909,3.0,0.14418957524320344,6.0,0.9511316872427984,0.2621335639999994,0.2654776381345188,13.25859888888889,23.875929091200014,11.265909063786008,23.462961862512486,11.293628888888888,23.495643174735847,9.813478888888888,22.834466949088412,0.04650225753797827,0.048031297694308896,0.39814814814814814,0.39192173246845885,0.12770499568725394,0.2037037037037037,0.4046288078420604,0.3425925925925926,0.47678904673325334,0.5,1.0,0.1497472618255253,7.0,21,2.3333333333333335,0.19444444444444445,2.625,1.3024701806293193,3.5,1.51657508881031,9,0,0,2,0.1111111111111111,1,108,0.0,9,9,0.6365141682948128,36.78226685708959,,0.2727272727272727,0.132614666141306,0.770909090909091,7.0,0.11304289474099347,4.0,0.13286025906781096,0.0016096609961750562,0.6763636363636365,5.0,0.10516505021612702,3.0,3.445120000000001,2.8373467411650637,0.15321666485379168,0,0.5654792840569389,0.46047798006684515,1.4918893127282007,0.0074219287538638936,1.1717904301252906,2.076190960275393,0.01513406148520304,0.022486924902221588,0.5462962962962963,0.08333333333333333,0.037037037037037035,0.4444444444444444,11.278525016835017,23.482805944810387,4.651162790697675,1.9625508295538492,0.13303320227955623,0.1289410910070423,0.15589488636363635,0.1334233430183371,0.3983402489626556,0.11262617928707794,0.5082467941432743,0.6540312561938431,0.11111111111111113,0.13258633911821105,9.557056639178905,1.149292113714091e-05,0.867139740932189,0.6267311763733368,0.24337683865457102,0.6763636363636364,4.0,0.04332379636524005,1.0
10,SVCLinear,uncertainty_sampling,0.5740740740740741,0.5740740740740741,0.5703908682116914,0.5895435386960811,0.07920460497473467,0.0605916290750774,1.7584787866475113,0.5094641812462373,0.08737864077669903,0.7763636363636364,7.0,0.0669690113772668,3.0,0.9246327718618892,0.1861856727645752,0.37557516814192493,,0.0,0.7997283125668135,0.02562044878890474,0.02613009574812034,0.9246327718618892,0.4338666401669482,44.786407766990294,6.227720856572656,0.45443045305776414,0.14525657906586992,0.24523222864678834,0.1960949012978521,0.08577598517117208,0.1839228889421214,0.868265752903103,0.5247339715114648,0.9064459197413512,0.7072727272727273,5.0,0.10434103862621744,5.0,17.50976201299834,0.9907283512466439,0.008786162210893754,0.581756214567383,,0.0011941056985674227,,0.912621359223301,,0.4077669902912621,,0.5,0.22654877455491332,10.85092999655904,23.641948356442718,0.4046867558171819,10.83121669228619,23.645035754554904,0.6874135274486871,0.2956673233320557,20.42233009708738,7.5640467245219964,11.444444444444445,2.4851679799074455,0.4453061111111126,0.36415223408090186,2.6303048572432446,0.4889561385273303,6.931999154252761,10.155997118605267,0.15916192041596922,,0.3106796116504854,,0.3203883495145631,,19,5.421052631578948,1.8653504131242176,0.05263157894736842,0.06426338598686757,225.29523809523815,177.76767669716247,0.5,0.11164843913471806,0.16422121001705234,0.6309090909090909,2.0,0.10052205327982655,4.0,0.9518333490432651,0.26378913400000076,0.2672236401555635,13.25859888888889,23.875929091200014,11.265917799352748,23.45354274192645,11.294187777777775,23.480441821063426,9.813478888888888,22.834466949088412,0.05280670126615597,0.058014464206577895,0.4368932038834951,0.3964384413499547,0.1281831868167771,0.22330097087378642,0.41849494187098263,0.3883495145631068,0.4897580376731435,0.54,1.0,0.17727661223404248,7.0,18,2.0,0.17475728155339806,2.25,0.8864052604279183,3.0,1.7888543819998317,9,0,0,2,0.1111111111111111,1,103,0.0,9,9,0.6409065988693956,32.30029607008472,,0.2727272727272727,0.13145761112517595,0.7672727272727273,6.0,0.1514060213050315,6.0,0.14105670692483518,0.0010053482027160081,0.6609090909090909,3.0,0.043291991298162136,1.0,3.445120000000001,2.8373467411650637,0.16422121001705234,0,0.5741326421129241,0.46850175119030724,1.5139795755962795,0.012877576187680529,1.1419132207944465,2.0229996202072758,0.015322154836942036,0.022528251907088667,0.5631067961165048,0.08737864077669903,0.038834951456310676,0.4444444444444444,11.278312433862434,23.4736099356683,4.594594594594595,2.0877880301550875,0.1159778473931515,0.11717145916868768,0.1689967105263158,0.14944401368547833,0.3983402489626555,0.11226952421011754,0.5247339715114645,0.6778161803209168,0.1111111111111111,0.14620048557172363,8.395808794092657,1.2516660330869428e-05,0.8589432930751648,0.6388088414261153,0.2415864609869781,0.6699999999999999,4.0,0.046955031923712295,2.0
11,SVCLinear,uncertainty_sampling,0.5370370370370371,0.5370370370370371,0.5368782161234991,0.5397369925671812,0.08223238042592812,0.06515260596980596,1.760744065839339,0.5068109782276619,0.09183673469387756,0.7844444444444445,7.0,0.13159358809601457,4.0,0.9003418708227195,0.23779816513761465,0.3477447936624774,,0.0,0.5001876910668611,0.025906953423291888,0.02798884118174484,0.9003418708227195,0.43763128938681606,42.30102040816327,5.951772367022915,0.43806292350141657,0.16745467582875187,0.24591730653672542,0.19486719439015893,0.08891461883722564,0.18916314766931708,0.8598779718072795,0.5434942529704249,0.9352006380059942,0.7122222222222223,5.0,0.15629892923883754,6.0,17.078821806491753,0.9915115917129383,0.008916753239382555,0.6157205447022489,,0.00115383871372234,,0.9081632653061225,,0.37755102040816324,,0.5,0.2597535114562827,10.854565524943293,23.639514803282893,0.34064483670115264,10.834057969325643,23.642725130338366,0.672100498470942,0.3001034693403483,18.591836734693878,7.91161205788763,10.88888888888889,2.5606219452869197,0.46281861111111144,0.38240478740447437,2.608369075919329,0.4873607491004263,6.510038654057376,9.642893412524495,0.23888479433512166,,0.3163265306122449,,0.3163265306122449,,19,4.894736842105263,1.3701069237311885,0.05263157894736842,0.08014973650384401,145.23809523809518,91.16808461465759,0.5,0.11164843913471806,0.13756123176809443,0.6433333333333333,2.0,0.09434635429046125,3.0,0.9484589754269055,0.2720389793333329,0.2720641951561811,13.25748777777778,23.87641927878518,11.266540079365077,23.452386577388342,11.29641,23.480331058524282,9.813478888888888,22.834466949088412,0.05271686074272962,0.06155314310582656,0.42857142857142855,0.3959136272935784,0.12714421702581324,0.23469387755102042,0.42598631235363027,0.336734693877551,0.4750231150321569,0.5222222222222223,1.0,0.1718933538647747,7.0,18,2.0,0.1836734693877551,2.5714285714285716,1.2724180205607036,2.5714285714285716,1.3972762620115438,9,0,0,2,0.08333333333333333,1,98,0.0,9,9,0.6240694293008345,32.40001739542448,,0.2727272727272727,0.13013386783756883,0.7666666666666666,6.0,0.15537908861780025,5.0,0.12092644151935898,-0.004267365421461854,0.6833333333333333,3.5,0.032394177193585,1.5,3.44400888888889,2.83714829374693,0.13756123176809443,0,0.5848819353940699,0.47600766427403834,1.515468590811336,0.01350203463051643,1.1108657709566705,1.9719065527835982,0.015067957991428226,0.022404695901289354,0.5612244897959183,0.09183673469387756,0.04081632653061224,0.4444444444444444,11.279653629629628,23.474278875372335,4.054054054054054,1.7150631013001945,0.14339125331863342,0.08317625231798459,0.18996710526315788,0.12192542113778895,0.3983402489626556,0.11251681353597237,0.5434942529704246,0.700249494482975,0.1111111111111111,0.13322985798733486,10.394374064239647,1.4342634370471468e-05,0.8790735584806411,0.6552435839964179,0.23877213496831998,0.6833333333333333,3.5,0.032394177193585,1.5
12,SVCLinear,uncertainty_sampling,0.5925925925925926,0.5925925925925926,0.5903448275862069,0.603831417624521,0.0842798402692802,0.06784926044804579,1.7644858939023071,0.5037710519402389,0.0967741935483871,0.7744444444444445,7.0,0.12036182305835771,4.0,0.8952722642402938,0.2481263925460806,0.349193546079997,,0.0,0.40914225920912456,0.024655772524939598,0.03001447515989064,0.8952722642402938,0.43641618497109824,39.79032258064516,5.682142163719922,0.43503325924268116,0.1714642297721225,0.24845552574267352,0.1934864902923691,0.09314468866065403,0.1964399807904377,0.8644226273959794,0.5671517286328766,0.974493674661693,0.7211111111111111,5.0,0.15148555640629788,5.0,17.5496682826283,0.9915930558934074,0.009566414982468886,0.611877854917876,,0.00115383871372234,,0.9032258064516129,,0.3655913978494624,,0.5,0.2661154552852598,10.856218556766317,23.63963042863338,0.3245335790910661,10.834707464503298,23.643017203198443,0.6806156340224049,0.2977822716106787,17.381720430107528,7.601383723240633,10.333333333333334,2.6341006378046714,0.4937022222222237,0.40953236507563745,2.60874452929091,0.48377299243753996,6.062895888291221,9.145360757969183,0.2363220500886376,,0.31182795698924726,,0.31182795698924726,,19,4.894736842105263,1.3701069237311885,0.05263157894736842,0.07794316499533772,145.23809523809518,91.16808461465759,0.5,0.11164843913471806,0.1388693205066112,0.6111111111111112,2.0,0.0982703641586785,3.0,0.9455428373222338,0.2802772933333321,0.27754817585805464,13.25748777777778,23.87641927878518,11.266597275985664,23.453272467003764,11.294187777777775,23.480752183700258,9.813478888888888,22.834466949088412,0.051013628851691015,0.06497172893133385,0.41935483870967744,0.3959215630432065,0.12809068354732686,0.23655913978494625,0.4272726820591677,0.23655913978494625,0.42727268205916763,0.5122222222222222,1.0,0.16764732071423383,6.0,18,2.0,0.1935483870967742,2.5714285714285716,1.2724180205607036,2.0,0.8660254037844386,9,0,0,2,0.08333333333333333,1,93,0.0,9,9,0.620555445791678,33.588519452950415,,0.2727272727272727,0.12852212616261197,0.7644444444444444,6.0,0.17115760150862072,7.0,0.12193613262392297,-0.0045664236186153595,0.6877777777777778,3.5,0.03531166351571269,1.5,3.44400888888889,2.83714829374693,0.1388693205066112,0,0.5975685275839397,0.48612913038440037,1.524499031515401,0.010598715170028522,1.076476938107161,1.9125751352135312,0.014981862392270376,0.022202956193456545,0.5591397849462365,0.0967741935483871,0.043010752688172046,0.4444444444444444,11.27950153996101,23.475114801896407,4.054054054054054,1.7150631013001945,0.14339125331863342,0.08317625231798459,0.18996710526315788,0.12192542113778895,0.3983402489626556,0.11179359814753227,0.5671517286328764,0.7306871401366983,0.1111111111111111,0.09630045997774817,11.322443539958917,1.6050458829455408e-05,0.878063867376077,0.6724164278398356,0.23533533664698353,0.6877777777777778,3.5,0.03531166351571269,1.5
13,SVCLinear,uncertainty_sampling,0.5555555555555556,0.5555555555555556,0.5531034482758621,0.567816091954023,0.08557410157817262,0.0704015453430315,1.7702619803312731,0.4941013527592214,0.10227272727272728,0.7597222222222222,7.0,0.1643420706531256,5.0,0.8756633923230396,0.2867256637168142,0.3494579147510116,,0.0,0.35353962192728694,0.020303157142818665,0.02206161231461845,0.8756633923230396,0.4316065192083819,37.30113636363637,5.383151275911921,0.42178244495320166,0.18613169456892967,0.2500021404617525,0.19464217425449848,0.09667400469022121,0.20410028475644368,0.8644200626959248,0.5883194039998825,1.0092361026991934,0.625,2.0,0.19739820004933187,7.0,21.34722330696447,0.9907152539179265,0.012097409976040469,0.6046021133397527,,0.0011537690168954221,,0.8977272727272727,,0.3522727272727273,,0.5,0.2892709559399513,10.859965677743718,23.642451037153258,0.32086715180033165,10.837731665350914,23.645901576508074,0.6742772188156692,0.3181533853862356,15.818181818181818,7.579746272321329,9.777777777777779,2.7053789335878404,0.5075558333333342,0.41370357737303926,2.6049053589630073,0.4787628494623636,5.705304503592361,8.620106730522457,0.22795516927007786,,0.2954545454545454,,0.2954545454545454,,19,5.0,1.4529663145135578,0.05263157894736842,0.07596661749136975,154.83809523809524,92.27114730971074,0.5,0.11164843913471806,0.13910893313927963,0.6375,3.0,0.11119788278471164,3.0,0.943827479338843,0.2876952353333344,0.287169413240647,13.254154444444445,23.87789257314552,11.267064709595962,23.457476146087597,11.29641,23.485632637165637,9.813478888888888,22.834466949088412,0.041020013691305555,0.04808117286608677,0.4318181818181818,0.4056673761941475,0.12507137255241693,0.26136363636363635,0.44189555591864443,0.3068181818181818,0.46381611857451627,0.5,1.0,0.1678200829665913,6.0,18,2.0,0.20454545454545456,2.5714285714285716,1.2724180205607036,2.5714285714285716,0.9759000729485333,9,0,0,2,0.08333333333333333,1,88,0.0,9,9,0.6069636115082722,42.15605532590281,,0.2727272727272727,0.125161311204038,0.7388888888888889,6.0,0.12776435785674325,4.0,0.12212083418212531,-0.008951754363629062,0.7055555555555555,5.0,0.051052032415148996,2.0,3.4406755555555564,2.8365763707994507,0.13910893313927963,0,0.6091733906469655,0.4943486443225139,1.487752311255822,0.00896588566699791,1.0571380161174935,1.8579609082418103,0.014953573079373457,0.021943465855442445,0.6022727272727273,0.10227272727272728,0.045454545454545456,0.4444444444444444,11.279028230452674,23.482913221194863,4.162162162162162,1.7719028301912156,0.1409143025812898,0.09535827660167862,0.18503289473684212,0.13155688719951986,0.3983402489626556,0.11000456762577694,0.5883194039998826,0.7549481026973413,0.1111111111111111,0.10710775419154726,11.910483481393275,1.8479932746569005e-05,0.8778791658178746,0.6863269863663813,0.2345337490534534,0.6944444444444444,4.0,0.04536092116265147,1.0
14,SVCLinear,uncertainty_sampling,0.6666666666666666,0.6666666666666666,0.6591865357643758,0.6591865357643759,0.08668402054672142,0.07368308068762813,1.7692245936820568,0.49742556666130766,0.10843373493975904,0.7597222222222222,6.0,0.07775848526159912,3.0,0.8676293117125106,0.3019472516637911,0.36624023036783054,,0.0,0.3987437815683981,0.023055653887186764,0.020950458810878876,0.8676293117125106,0.43837585339561624,35.15060240963855,5.114420931243862,0.4167250715806373,0.19089605585254915,0.25117579535833623,0.19579607392124318,0.09679459087324911,0.20674851079193843,0.8662944460769909,0.5931639377136089,1.0180695427968578,0.6527777777777778,3.0,0.11207146700842782,5.0,18.42794151321843,0.9898652959518712,0.0124088405842401,0.5758454365270458,,0.0011326818547067329,,0.9036144578313253,,0.4578313253012048,,0.5,0.29817755833167664,10.855175502062783,23.63886965840856,0.35453660414818705,10.832492830594097,23.64233166866204,0.6618309605195358,0.3161967880269237,14.716867469879517,7.309889421890754,9.222222222222221,2.702345251762547,0.500901666666667,0.40299075457757116,2.5897716357286824,0.47808777997826624,5.584215373566756,8.328977700901726,0.2239136283722577,,0.28915662650602414,,0.28915662650602414,,17,4.705882352941177,1.3117119482928092,0.058823529411764705,0.1015986986171466,113.99999999999999,57.07188449665913,0.5,0.12478354962115547,0.15491032331829144,0.6402777777777777,2.0,0.10340772909320653,4.0,0.9374364929597909,0.2901711773333323,0.29347106175752724,13.254154444444445,23.87789257314552,11.2670178313253,23.452155507762555,11.293076666666666,23.481934432514283,9.813478888888888,22.834466949088412,0.0470822696658852,0.04544235708317833,0.42168674698795183,0.3988031403032294,0.12858856496521978,0.24096385542168675,0.43026825001424435,0.3373493975903614,0.47567944816669266,0.47777777777777775,1.0,0.17607206405932907,7.0,16,1.7777777777777777,0.1927710843373494,2.6666666666666665,1.0327955589886444,2.2857142857142856,0.9511897312113419,9,0,0,2,0.1111111111111111,1,83,0.0,9,9,0.6013948111846926,36.57730046230118,,0.27272727272727265,0.12578026837645023,0.7708333333333333,7.0,0.16462874432124577,6.0,0.1341319063398816,-0.006973622255973685,0.7125,4.5,0.049884124989077704,1.5,3.4406755555555564,2.8365763707994507,0.15491032331829144,0,0.6125614351257247,0.4951504611217802,1.5096080300147743,0.008067065360532436,1.036719449707222,1.854380194057762,0.015571768323113796,0.023591020702170642,0.5542168674698795,0.10843373493975904,0.04819277108433735,0.4444444444444444,11.280005969498909,23.478614205148233,3.878787878787879,1.6537377315791295,0.16841547866230794,0.08140584919467368,0.20404411764705882,0.1284283979528488,0.3983402489626556,0.11097166154261513,0.5931639377136091,0.760345036688107,0.1111111111111111,0.10412907509027822,10.659392636601142,2.103788953917319e-05,0.8658680936601184,0.6897417794882277,0.23779787008746495,0.7125,4.5,0.049884124989077704,1.5
15,SVCLinear,uncertainty_sampling,0.6296296296296297,0.6296296296296297,0.5939849624060151,0.6296296296296297,0.086566645823261,0.06963733986184441,1.7696882447408055,0.49234012338343935,0.11538461538461539,0.7553571428571428,6.0,0.09450986463048001,4.0,0.8749315876677922,0.2881260551491277,0.3879328142009908,,0.0,0.5060968085413484,0.027018437386778334,0.02348444374701728,0.8749315876677922,0.43077803203661325,32.717948717948715,4.850627381827634,0.4207238426943256,0.1866332479561107,0.25502432491837934,0.1867580711336848,0.10003399570938325,0.22029540227984257,0.8581418581418582,0.6101047252338572,1.0684085384262492,0.6910714285714286,3.0,0.09223309842157773,3.0,16.467343047424947,0.9861053523399578,0.01840138042465488,0.5460945111287425,,0.0010183859795724797,,0.8974358974358975,,0.46153846153846156,,0.5,0.290095089717558,10.857368601123452,23.65254405438659,0.41527867163319593,10.834108223282817,23.656187447166417,0.6421182730514005,0.3359135111548499,13.801282051282051,6.708156618484337,8.666666666666666,2.707632806778074,0.5216944444444455,0.44766274585649635,2.591488517590655,0.47234391041251006,5.467517980704808,7.702751553092276,0.1679935323371896,,0.28205128205128205,,0.2948717948717948,,16,4.75,1.390443574307614,0.0625,0.10796414612529727,110.66666666666666,53.72655044037558,0.5,0.08838834764831845,0.17715176903456822,0.6053571428571429,2.0,0.1429687064374864,5.0,0.9350756081525312,0.2720332136666657,0.27430844610522104,13.250821111111112,23.87973429276405,11.266574116809117,23.466849185888005,11.291958888888887,23.491323746443303,9.813478888888888,22.834466949088412,0.053131314817942546,0.04825983044460138,0.41025641025641024,0.3942877119269754,0.1307580241425547,0.24358974358974358,0.4320262568949792,0.28205128205128205,0.4529108136578383,0.5,1.0,0.1594971548449317,7.0,15,1.6666666666666667,0.19230769230769232,2.5,1.0488088481701516,1.875,1.1259916264596033,9,0,0,2,0.1111111111111111,1,78,0.0,9,9,0.6064563631747668,32.3078195185785,,0.27272727272727265,0.1254214102679725,0.7714285714285714,7.0,0.15124202345864043,6.0,0.15049186833390044,0.0017491100104899502,0.7053571428571429,4.5,0.05724816685021234,1.5,3.4373422222222234,2.8391055940285925,0.17715176903456822,0,0.6193148264352742,0.5048495863771864,1.5762214342957719,0.001191415666873908,1.035082277069165,1.804961304951787,0.01578845801391649,0.023460421296264102,0.5512820512820513,0.11538461538461539,0.05128205128205128,0.4444444444444444,11.276316782407408,23.491460162399942,3.935483870967742,1.6918527097232339,0.16217353114559593,0.10857480459007122,0.201171875,0.13973969010121404,0.3983402489626556,0.11064444265760907,0.6101047252338571,0.7917054628960948,0.1111111111111111,0.12358235587320089,9.051248697787765,2.3549131689699006e-05,0.8495081316660995,0.6973315743400302,0.2403820015824445,0.7053571428571429,4.5,0.05724816685021234,1.5
16,SVCLinear,uncertainty_sampling,0.6481481481481481,0.6481481481481481,0.6187290969899666,0.646186878070936,0.08223198308219157,0.066714498172074,1.7721847661888956,0.4852296893746245,0.1232876712328767,0.7553571428571428,6.0,0.07808743427908388,3.0,0.8989377852081333,0.24067348960052815,0.40494671134187377,,0.0,0.7213352072496035,0.03071700852835863,0.02525373957533795,0.8989377852081333,0.44118378512807754,30.28767123287671,4.53112715022676,0.43677379538848216,0.1691126525743025,0.2547034228759864,0.18601661374435383,0.10473535409901918,0.2304929150661768,0.8603500761035008,0.6408139669414936,1.1207473019093792,0.7035714285714285,5.0,0.13888321983895124,6.0,14.608983359022872,0.9828010894549772,0.02036537843219377,0.5303804963375882,,0.0010183859795724797,,0.8904109589041096,,0.273972602739726,,0.5,0.26153264509639423,10.861569029498984,23.642956878915548,0.5148851652481217,10.836821975670055,23.646869992289613,0.6360280582139519,0.34651578581000225,13.294520547945206,5.810908155045774,8.11111111111111,2.806561591511857,0.5558733333333339,0.4920431529855893,2.6095893315201693,0.4622733763517184,5.00227349022066,7.171283667952938,0.16108581528054966,,0.28767123287671237,,0.3013698630136986,,14,4.5,1.4005493427717788,0.07142857142857141,0.10545119863399453,86.93333333333332,46.31043521989845,0.5,0.0,0.19614626413817352,0.6303571428571428,2.0,0.20893620254683934,7.0,0.9361981610058172,0.3017025106666657,0.30779940125281036,13.250821111111112,23.87973429276405,11.266514414003044,23.45914051671659,11.30641,23.478488077235724,9.813478888888888,22.834466949088412,0.06153321987685932,0.054118626168951654,0.4246575342465753,0.40375253574670333,0.1283576692005648,0.2602739726027397,0.44182064172246954,0.273972602739726,0.4490815928277876,0.5303571428571427,1.0,0.10781863603590983,5.0,13,1.4444444444444444,0.1780821917808219,2.1666666666666665,0.752772652709081,1.625,0.9161253813129043,9,0,0,2,0.08333333333333333,1,73,0.0,9,9,0.6230961913158193,27.800455587004922,,0.2727272727272727,0.12377963281212456,0.8071428571428572,7.0,0.09953121412418323,4.0,0.16398183902659882,0.003492068070174454,0.6875,4.0,0.04312909745889714,1.0,3.4373422222222234,2.8391055940285925,0.19614626413817352,0,0.6348128002946987,0.5172571990450531,1.602372126159528,0.006952942703089123,0.9971355159467259,1.7362271331200585,0.01536784181913388,0.02320548667580556,0.6164383561643836,0.1232876712328767,0.0547945205479452,0.4444444444444444,11.276123728395062,23.48299688902144,3.7037037037037037,1.6828276298863267,0.16146064929461984,0.11360185774517471,0.22321428571428573,0.1423411009195482,0.3983402489626556,0.10860026578613428,0.6408139669414935,0.8321586123243108,0.1111111111111111,0.13251473842925252,7.476640222285479,2.59040448586689e-05,0.8360181609734012,0.7177813468698729,0.2354629221255233,0.6732142857142858,3.0,0.05523219385553356,2.0
17,SVCLinear,uncertainty_sampling,0.6296296296296297,0.6296296296296297,0.5707472178060413,0.6414061119943472,0.08355153620172302,0.07100838944416438,1.778100629282479,0.4744263996159573,0.1323529411764706,0.7642857142857142,5.5,0.07649575085727929,3.5,0.8918107543797082,0.2550943396226415,0.4310956748833773,,0.0,0.5459843488215433,0.03408365290012513,0.02715875202234625,0.8918107543797082,0.4493614493614494,28.147058823529413,4.2396681469766175,0.43110676645652224,0.17627245867819472,0.2549585109436761,0.18722459004111267,0.1080606553214321,0.23117553173984845,0.8582089552238806,0.6561891866550386,1.1361253106720048,0.7095238095238094,4.0,0.14582455971880448,6.0,13.183557073666307,0.9803007800977331,0.027963208037272952,0.4904568862013244,,0.0009940097194231386,,0.8823529411764706,,0.2647058823529412,,0.5,0.2703643575125035,10.86105492857765,23.637809981715584,0.4729314991074147,10.835379094235769,23.64183599470102,0.6605053309316129,0.32141214270558,12.191176470588236,5.530169568912932,7.555555555555555,2.8693068612306227,0.5645052777777768,0.48269518843488995,2.602265698252969,0.451639001546771,4.674488186281867,6.623136254267127,0.15939097328003715,,0.25,,0.25,,13,4.153846153846154,1.214231845389905,0.0769230769230769,0.10991009061414393,66.53333333333333,37.387658886817675,0.5,0.054392829322042084,0.22826505290323432,0.661904761904762,2.5,0.06525334854315705,1.5,0.9273356401384083,0.30335396233333317,0.3019453230464825,13.250821111111112,23.87973429276405,11.2669322875817,23.453711097090927,11.31029888888889,23.475631273013967,9.813478888888888,22.834466949088412,0.0676456854092185,0.05639634273205644,0.39705882352941174,0.40355694412515186,0.13681974557213697,0.2647058823529412,0.44445663820946985,0.27941176470588236,0.45204636650620944,0.5452380952380953,1.0,0.1674020059463451,7.0,12,1.3333333333333333,0.17647058823529413,2.0,0.8944271909999159,1.7142857142857142,0.7559289460184545,9,0,0,2,0.08333333333333333,1,68,1.0,9,9,0.6181561099913326,25.285499489375656,,0.2727272727272727,0.12026560302970316,0.7952380952380953,7.0,0.12508500511013043,5.0,0.18584348090315453,-0.003952274754235184,0.7642857142857142,5.5,0.07649575085727929,3.5,3.4373422222222234,2.8391055940285925,0.22826505290323432,0,0.6442252535587496,0.5208727152565479,1.6049677396021669,0.011474976268086981,0.9742431793591155,1.6885243580581455,0.015138142725051032,0.022792457535881945,0.6176470588235294,0.1323529411764706,0.058823529411764705,0.4444444444444444,11.275421216931216,23.47796627965618,3.36,1.5513435037626795,0.16560894443600144,0.10431433864929832,0.25240384615384615,0.12399435212530592,0.3983402489626556,0.10674361530501401,0.6561891866550387,0.847389029805714,0.1111111111111111,0.1266156022239834,8.356260097231454,3.018201781911777e-05,0.8141565190968455,0.7290749630970514,0.23538995676843416,0.661904761904762,2.5,0.06525334854315705,1.5
18,SVCLinear,uncertainty_sampling,0.6111111111111112,0.6111111111111112,0.5249266862170088,0.6373411534701857,0.0791069020589651,0.07114384907299665,1.441289839246527,0.3137561329109151,0.14285714285714285,0.6952380952380952,4.0,0.18572106893052387,5.0,0.8832225588099292,0.27209403569873747,0.4250416638672757,,0.0,0.5928033968334463,0.04074406642633688,0.026169783444975562,0.8832225588099292,0.4495524816924329,25.634920634920636,3.9352305023343703,0.4259863898301939,0.18252306431473814,0.259539465183599,0.18458365585968597,0.11620125601922969,0.24510159419060612,0.86226318484383,0.6956582783861467,1.2075413656303626,0.7,5.0,0.2415620619650387,7.0,15.99190227860949,0.9806862759830695,0.025050639023865683,0.49612254646340087,,0.0009940097194231386,,0.873015873015873,,0.12698412698412698,,0.5,0.28059792904228076,10.86350345469836,23.64089635841758,0.5306065054851878,10.83633371329107,23.645140926966352,0.6574312395785717,0.3124528647939125,10.952380952380953,5.187824444354087,7.0,2.9810606869974556,0.570912222222221,0.49330117762320835,2.2692830361317458,0.29480913717781254,4.232632702375186,6.079162074243722,0.1644823273522691,,0.25396825396825395,,0.2063492063492064,,11,3.909090909090909,1.300349603340998,0.09090909090909091,0.11448195433352204,52.400000000000006,34.67102536701215,0.5,0.06428243465332248,0.2204951641005389,0.6166666666666667,2.0,0.11902116108106324,3.0,0.9201310153691106,0.313242080666667,0.30177983398966984,13.250821111111112,23.87973429276405,11.266740846560843,23.45818049323362,11.314187777777777,23.486583077628477,9.813478888888888,22.834466949088412,0.055229361924710695,0.03593891300054103,0.36507936507936506,0.39540052770396833,0.13772347982879327,0.23809523809523808,0.42933879074109177,0.23809523809523808,0.42933879074109177,0.5690476190476191,1.0,0.1862798334947802,6.0,10,1.1111111111111112,0.15873015873015872,1.6666666666666667,0.816496580927726,2.0,0.7071067811865476,9,0,0,2,0.08333333333333333,1,63,1.0,9,9,0.6122032264460429,25.096441983365843,,0.34615384615384615,0.12871982271301086,0.8238095238095238,7.0,0.09668217354184801,2.0,0.18066041602306218,-0.006869673084809273,0.7476190476190476,6.0,0.15600841111499195,4.0,3.4373422222222234,2.8391055940285925,0.2204951641005389,0,0.6633388517893278,0.5362786839457478,1.6183802028439298,0.01702766385456547,0.9395040039557134,1.628577920149012,0.01527680654511785,0.022602068788034904,0.5555555555555556,0.14285714285714285,0.06349206349206349,0.4444444444444444,11.273236011396008,23.48690545449331,3.142857142857143,1.590148241067929,0.1579173776644361,0.13553982491788796,0.28125,0.13110110602126895,0.4533333333333333,0.10927166373384237,0.6956582783861468,0.9005426903818209,0.1111111111111111,0.14089598894427746,7.699595378558793,3.5633554530465596e-05,0.8193395839769378,0.7523224607584682,0.23226994206607665,0.6833333333333333,3.0,0.0654942255104056,1.0
19,SVCLinear,uncertainty_sampling,0.6296296296296297,0.6296296296296297,0.5178571428571428,0.6726190476190476,0.07843314815805412,0.06833337090477619,1.4306886406173063,0.31523113936740843,0.15517241379310345,0.6533333333333332,4.0,0.13895553956323095,5.0,0.8726965039103791,0.2923857868020304,0.4565882279316718,,0.0,0.6223547369356813,0.04320462415697401,0.025408637179203664,0.8726965039103791,0.4566724436741768,23.31896551724138,3.6255801421580975,0.4190651614863305,0.19065240285303223,0.2573961128776581,0.18736565391135995,0.1243639278777644,0.25663634810663505,0.8481548699334543,0.7364584491437015,1.2709414518232278,0.6366666666666666,2.0,0.19145318223433722,6.0,14.556353749688165,0.9792224833595269,0.02764260613446826,0.44873760109187943,,0.0009940097194231386,,0.8620689655172413,,0.06896551724137931,,0.5,0.29259590945650243,10.8709624260754,23.634345147624153,0.5878350145826962,10.842003414567998,23.638806776131396,0.6170898045373675,0.3237787958986351,9.801724137931034,4.87497382374656,6.444444444444445,3.1364464765475066,0.6259433333333351,0.5514601834221584,2.243432183853789,0.29687750897032306,3.8194156310081766,5.516587318494599,0.16788194743273854,,0.22413793103448276,,0.22413793103448276,,9,3.7777777777777777,1.5634719199411433,0.1111111111111111,0.13218390804597702,43.733333333333334,32.03185914054943,0.5,0.07856742013183865,0.2633804782571046,0.6766666666666665,5.0,0.13882220621453764,4.0,0.9129013079667063,0.3437309259999994,0.3060121719293261,13.250821111111112,23.87973429276405,11.266759099616857,23.455073796253924,11.312536111111111,23.48184700024651,9.813478888888888,22.834466949088412,0.05995296067389641,0.034763398756548915,0.3620689655172414,0.3887494160514871,0.13803690916296002,0.2413793103448276,0.4316571425184985,0.3275862068965517,0.4734320764739994,0.55,1.0,0.227845518382332,7.0,8,0.8888888888888888,0.13793103448275862,1.3333333333333333,0.5163977794943223,2.0,1.1547005383792515,9,0,0,2,0.08333333333333333,1,58,1.0,9,8,0.6049071211700006,22.86351940814542,,0.34615384615384615,0.13247152808518584,0.8933333333333335,7.0,0.12151309435104281,3.0,0.2084728098857843,-0.018329658004794927,0.7566666666666666,6.0,0.09434635429046127,2.0,3.4373422222222234,2.8391055940285925,0.2633804782571046,0,0.6831661147648371,0.550872328564815,1.5999750949642733,0.025171683062773592,0.9247801272232338,1.5627995184772894,0.01570330721982636,0.02272811838757731,0.5517241379310345,0.15517241379310345,0.06896551724137931,0.4444444444444444,11.271448487654324,23.484016223150547,3.0588235294117645,1.7489492643904123,0.1527457758562809,0.15605458261080116,0.3020833333333333,0.16010860571811872,0.4533333333333333,0.10993477514116917,0.7364584491437018,0.9485780475082962,0.1111111111111111,0.17157047036125866,7.3227700254455605,5.7057080135825174e-05,0.7915271901142157,0.7675913472719839,0.23305895805977467,0.6399999999999999,3.0,0.08861067572167505,1.0
20,SVCLinear,uncertainty_sampling,0.6481481481481481,0.6481481481481481,0.5521606285464863,0.6827036552047465,0.07866210735075038,0.07264889332061601,1.4260853708525056,0.32529943865316335,0.16981132075471697,0.6966666666666665,3.0,0.13739193284133006,5.0,0.8595316914502932,0.316956261234272,0.46746985946524217,,0.0,0.615031616681068,0.0449500152486061,0.028653851705034965,0.8595316914502932,0.46003450258769407,21.264150943396228,3.3030671550278976,0.41105775529195904,0.1993961537730473,0.25180270560939655,0.18332903768700412,0.1270688283079343,0.2648921882813088,0.8497822931785196,0.7511627948920339,1.287522981929297,0.7566666666666666,6.0,0.20003086181640162,6.0,13.916485303012506,0.9802485161236244,0.025572102541850997,0.42963613946797646,,0.001131904673516527,,0.8490566037735849,,0.0,,0.5,0.30685765976019985,10.886717407393304,23.633279657309266,0.6240955561489444,10.858313807339961,23.63775463243697,0.637094976855081,0.30382516134582777,8.79245283018868,4.587028598986987,5.888888888888889,3.2449931814212443,0.6771144444444444,0.6083749361025466,2.2238535011208507,0.30429204871411736,4.389071850571596,7.209502879663626,0.1404041716362987,,0.26415094339622647,,0.26415094339622647,,9,3.6666666666666665,1.3228756555322951,0.1111111111111111,0.14352168185212613,37.599999999999994,19.11543878648879,0.5,0.07856742013183865,0.2796364923446436,0.6399999999999999,2.0,0.11417984514369003,3.0,0.8903524385902456,0.3626900853333339,0.31729172691178975,13.24971,23.880409817607823,11.268524968553457,23.460043248347336,11.311984444444443,23.4942149005277,9.862461111111111,22.824339106283258,0.06176356118194801,0.04041066692527944,0.33962264150943394,0.3740387486797473,0.13943930624961745,0.22641509433962265,0.42251579096399844,0.2830188679245283,0.4547762971026371,0.58,1.0,0.20858133387124114,7.0,8,0.8888888888888888,0.1509433962264151,1.6,0.5477225575051661,2.0,1.1547005383792515,9,0,0,2,0.08333333333333333,1,53,1.0,9,8,0.5957819685306915,22.089429164413463,,0.34615384615384615,0.1329825785041491,0.8699999999999999,7.0,0.13095093794298746,4.0,0.21852806950845327,-0.04329357386001434,0.72,5.0,0.08777074514725114,1.0,3.3872488888888896,2.723996075164411,0.2796364923446436,0,0.6900729071908163,0.5561766354854408,1.6280278144264209,0.042187661518869164,1.048797960184874,1.689258847394371,0.016825426459199946,0.025263829981856754,0.4716981132075472,0.16981132075471697,0.07547169811320754,0.4444444444444444,11.266634646464649,23.491466852918464,2.9411764705882355,1.5600716423971575,0.2524478085859489,0.12362330601958614,0.3055555555555556,0.1496886235749991,0.4533333333333333,0.10978930318588763,0.7511627948920336,0.9478545088720731,0.1111111111111111,0.18245376652089654,7.202982873798525,6.976979799064936e-05,0.7814719304915467,0.7801533781466853,0.23340767904844462,0.7,4.0,0.09026709338484404,2.0
21,SVCLinear,uncertainty_sampling,0.6666666666666666,0.6666666666666666,0.5846153846153846,0.6940170940170941,0.08920391206743054,0.07286823628484114,1.450062355303117,0.2932747709361417,0.1875,0.625,3.0,0.2071633815776009,7.0,0.8426578772022391,0.34720229555236737,0.49227082588076276,,0.0,0.6249466957739257,0.05770662152567014,0.03716705342916157,0.8426578772022391,0.449238578680203,19.25,3.026808409684394,0.40361774257286315,0.2017536451159612,0.24655809492366348,0.1893936111511672,0.11322373474192286,0.21408529192565182,0.8537234042553191,0.6841790885468089,1.071307083954343,0.75,6.0,0.12472191289246473,1.0,10.2677175535617,0.9780359983548096,0.021596429324551112,0.39110681783464374,,0.0005090107960980126,,0.5833333333333334,,0.0,,0.5,0.32409060804383427,10.881872044948862,23.635308246043927,0.6397087867980478,10.855336344450173,23.639609587130746,0.6317081567584314,0.30966101001932056,7.854166666666667,4.3529713907948,5.333333333333333,3.010413386617003,0.6576886111111109,0.5919661451826117,2.2106515670199154,0.2717815978362882,3.894082494070718,6.499410729548615,0.14521541786683334,,0.20833333333333337,,0.20833333333333337,,8,3.25,0.8864052604279183,0.125,0.14646969999243195,25.333333333333332,7.406560798180411,0.5,0.0,0.3198367984019679,0.645,4.0,0.1383433731296476,2.0,0.88671875,0.37668665299999976,0.32969353952438507,13.080741111111113,23.87221928609092,11.269067314814814,23.458948837674107,11.315869444444445,23.51221253459897,9.863572222222224,22.82440274348804,0.08206866548544034,0.0511388798093895,0.3541666666666667,0.38009544828664055,0.14211492235165676,0.22916666666666666,0.4247443953937941,0.22916666666666666,0.42474439539379405,0.56,1.0,0.20110804171997806,5.0,7,0.7777777777777778,0.14583333333333334,1.75,0.5,1.4,0.5477225575051661,9,0,0,2,0.1111111111111111,1,48,1.0,9,7,0.5840859317593606,16.668891613211013,,0.34615384615384615,0.12134617077762759,0.8099999999999999,7.0,0.16633299933166198,3.0,0.24233056601332825,0.01163680433925943,0.62,2.0,0.2057506581601462,6.0,3.2171688888888896,2.3470255083213547,0.3198367984019679,1,0.672138327401063,0.5113318903202436,1.705357241454089,0.005818920719791186,0.9810340496621076,1.6209813507995925,0.01614502622341368,0.02455992581420662,0.5833333333333334,0.1875,0.08333333333333333,0.4444444444444444,11.271646185185187,23.493442323761045,2.533333333333333,1.245945806357946,0.2580005327400437,0.08275120230510061,0.34375,0.11080065755348979,0.4533333333333333,0.11108387579622017,0.6841790885468086,0.7945362541981781,0.1111111111111111,0.14553534610019422,6.31503645905103,9.955850371403021e-05,0.7576694339866719,0.7920140667392888,0.23185876810146258,0.6799999999999999,5.0,0.17669811040931432,4.0
22,SVCLinear,uncertainty_sampling,0.6481481481481481,0.6481481481481481,0.5521606285464863,0.6827036552047465,0.10972663140411726,0.09641805351777627,1.450691523907879,0.290407746282999,0.20930232558139536,0.67,2.0,0.17511900715418263,4.0,0.8203636429576731,0.38515283842794756,0.4857825122725826,,0.0,0.42082932198728007,0.061946864606779055,0.03633185810639298,0.8203636429576731,0.4962121212121212,16.936046511627907,2.6312810473543324,0.38708275816097615,0.21896204705151348,0.2613863046964407,0.19707267735443793,0.1106470177002584,0.229939134586582,0.8593576965669989,0.6677714288015874,1.1162690846008179,0.775,6.0,0.17989194287435753,5.0,9.63719742711933,0.9729938569112324,0.027006242145282303,0.3924735131628942,,0.0011358269592344579,,0.5813953488372093,,0.0,,0.5,0.34533121871901157,10.880046264799246,23.616404081849886,0.5597141854818876,10.852671707761319,23.620839399411413,0.647487424382754,0.28598476557323704,6.593023255813954,3.963288848853473,4.777777777777778,3.0488286448859636,0.666668333333333,0.5892983274836266,2.185930456163959,0.2704153971448998,2.9692988186375335,5.829525422241295,0.14725008680907148,,0.2093023255813954,,0.18604651162790697,,9,3.5555555555555554,1.130388330520878,0.1111111111111111,0.16435205462879215,34.13333333333333,15.156516750229917,0.5,0.07856742013183865,0.30887422483329174,0.6950000000000001,3.0,0.1657474652060243,3.0,0.8739859383450513,0.3808601720000009,0.3336620388610376,12.802963333333334,23.449312597219137,11.26884157622739,23.4400678381138,11.323123333333333,23.533284034998175,9.863572222222224,22.82440274348804,0.08512471070159339,0.04958951438820687,0.32558139534883723,0.3714317359418548,0.1390030735313931,0.23255813953488372,0.4274625743754584,0.3023255813953488,0.4647008111181006,0.595,1.0,0.2783383233085631,7.0,8,0.8888888888888888,0.18604651162790697,1.6,0.5477225575051661,1.6,0.8944271909999159,9,0,0,2,0.1111111111111111,1,43,1.0,9,7,0.5686327461499967,16.041955408145952,,0.3461538461538462,0.12152393138146338,0.9099999999999999,7.0,0.11737877907772672,2.0,0.2359846492298619,-0.023163545487031888,0.745,5.0,0.055025246730730615,1.0,2.9393911111111115,2.278267705233762,0.30887422483329174,1,0.6539817258857048,0.5197011135116847,1.702056451827891,0.02446481958763982,0.7051992425626596,1.615224059236548,0.016895639316274233,0.026912305573916717,0.4883720930232558,0.20930232558139536,0.09302325581395349,0.4444444444444444,11.276161193415637,23.488463391163474,2.823529411764706,1.4245742398014511,0.19706908487134,0.12184758058765026,0.3125,0.1316585902058806,0.4533333333333333,0.12051089687758242,0.6677714288015874,0.8205131061571574,0.1111111111111111,0.16696837017949195,7.442412207352667,0.0001286906795167152,0.7640153507701382,0.8208456852579875,0.2330169435547932,0.72,4.0,0.19177533151523368,6.0
23,SVCLinear,uncertainty_sampling,0.6666666666666666,0.6666666666666666,0.5660714285714286,0.7053571428571429,0.10971408111660712,0.09995779112877314,1.4409214018535335,0.31035192588392185,0.23684210526315788,0.6333333333333334,1.5,0.11915339216404007,2.0,0.7424875695421236,0.5020746887966805,0.527989287418708,,0.0,0.27206814578516203,0.05982974064552181,0.04760177881517746,0.7424875695421236,0.5025125628140703,14.94078947368421,2.409990615187455,0.33373247503039744,0.25197639750841244,0.2618733429875864,0.19761820121229917,0.11456912405958593,0.21874046291613336,0.8307254623044097,0.6827690859664375,1.0872335418736117,0.6333333333333334,1.5,0.20487876571761973,6.0,8.613945995801416,0.9729297029749358,0.04646905266858995,0.313833798482259,,0.0008472928178391562,,0.5526315789473685,,0.0,,0.5,0.4093776101606328,10.881274052923443,23.605603906800226,0.519634416759086,10.852285719773183,23.61041475814186,0.5972620136429453,0.27388223560651515,4.973684210526316,3.7762770677184676,4.222222222222222,3.3005943427641182,0.7014391666666664,0.6099509548879729,2.0972129852698993,0.2965969232443923,2.5922740747085538,4.977324324695229,0.12268697797247508,,0.1578947368421053,,0.07894736842105265,,7,3.2857142857142856,1.3801311186847083,0.14285714285714285,0.21957376176423293,25.466666666666665,14.110673659011148,0.5,0.10101525445522107,0.3865254169485491,0.7416666666666667,4.0,0.12076147288491197,3.0,0.8150969529085872,0.41466509933333284,0.3603711291844727,12.802963333333334,23.449312597219137,11.269539444444442,23.429789989030848,11.320362777777778,23.505078129060102,9.863572222222224,22.82440274348804,0.08619598612575755,0.06476206100897838,0.3157894736842105,0.3657792871899734,0.15308578697284078,0.23684210526315788,0.43085148418274605,0.18421052631578946,0.3928594520631916,0.675,3.0,0.2898754521821014,7.0,6,0.6666666666666666,0.15789473684210525,1.2,0.44721359549995804,1.2,0.4472135954999579,9,0,0,2,0.1111111111111111,1,38,2.0,9,7,0.5146531654289292,15.716803955943718,,0.34615384615384615,0.1275579945648769,0.775,6.0,0.18446619684315546,5.0,0.27877268762891505,-0.09936184152511787,0.75,5.0,0.16666666666666666,4.0,2.9393911111111115,2.278267705233762,0.3865254169485491,1,0.6673009574633304,0.5168784508004083,,0.07260399772422672,0.6808755713318723,1.5388165844008024,0.020112561441390273,0.034534992792896464,0.4473684210526316,0.23684210526315788,0.10526315789473684,0.4444444444444444,11.28016773148148,23.47885031334572,2.6153846153846154,1.5566235649883124,0.17006964590348148,0.1857257341293428,0.3482142857142857,0.15978151935869,0.4533333333333333,0.12251463505361491,0.6827690859664375,0.8032915743136632,0.1111111111111111,0.13122907926248467,8.940072022399994,0.000251549995037161,0.7212273123710851,0.831527012668853,0.2422990179229535,0.8,7.0,0.10540925533894598,1.0
24,SVCLinear,uncertainty_sampling,0.6296296296296297,0.6296296296296297,0.4934333958724203,0.6879994440970051,0.12048843130612077,0.1093740248872176,1.4592979921230897,0.2835027239249709,0.2727272727272727,0.6666666666666667,3.0,0.1712337223046938,4.0,0.6840384356390417,0.5764705882352941,0.6575126899104062,,0.0,0.3685882204274645,0.06449457218355627,0.054602652052331474,0.6840384356390417,0.4782608695652174,13.090909090909092,2.1031209897976084,0.3002189954720267,0.2578313600797123,0.27707421549734,0.18869586152279222,0.11859326040351428,0.17201725082501207,0.8314393939393939,0.6150335622891414,0.8859903806683623,0.6416666666666666,2.0,0.2358658857261531,6.0,7.601710317952945,0.9618001844062888,0.06014754916234443,0.17221132167519365,,0.0004516905595161831,,0.48484848484848486,,0.0,,0.5,0.44997704257325755,10.871937708387126,23.6056949808299,0.6511309719658982,10.843107586076592,23.610927662880734,0.5891436705109424,0.28755917754523874,4.007575757575758,3.490352131503917,3.6666666666666665,3.0787664161077317,0.6705977777777777,0.5427725730399838,2.0533516207873705,0.27077106128584333,2.308506851613517,4.107736719048079,0.06902378970370793,,0.09090909090909094,,0.06060606060606055,,6,2.6666666666666665,0.5163977794943222,0.16666666666666666,0.22081741457256582,14.666666666666666,2.065591117977289,0.5,0.23570226039551584,0.7615649210978938,0.7583333333333334,4.0,0.13292762348894888,1.0,0.7860422405876951,0.4023232780000004,0.3577733083521127,12.780741111111112,23.44872819351214,11.27087750841751,23.424813620171772,11.315365555555555,23.500077461631435,9.863572222222224,22.82440274348804,0.08998480697476058,0.07063627373574649,0.2727272727272727,0.36415649386855603,0.1658596749824474,0.24242424242424243,0.4351941398892446,0.18181818181818182,0.39167472590032015,0.6,1.0,0.2509242175696937,7.0,5,0.5555555555555556,0.15151515151515152,1.6666666666666667,0.5773502691896257,1.0,0.0,9,0,0,2,0.1111111111111111,1,33,2.0,9,7,0.47413931305783735,15.217159776009758,,0.3461538461538462,0.11631724988414964,0.7666666666666667,5.0,0.17480147469502527,5.0,0.43232293739321803,-0.06135510958011395,0.825,6.5,0.15441046788541443,2.5,2.9171688888888894,2.2278729175406555,0.7615649210978938,1,0.6507500884714972,0.4642225977092401,82.67082889074457,0.04491289996362424,0.5704473502935233,1.4834815362674292,0.01919342861008495,0.03308253195901048,0.42424242424242425,0.2727272727272727,0.12121212121212122,0.4444444444444444,11.28946074074074,23.476214628703282,2.0,1.0,0.35355339059327373,0.0,0.4166666666666667,0.06454972243679027,0.4533333333333333,0.12450577334625594,0.6150335622891414,0.6320504523623415,0.1111111111111111,0.13344057843079485,6.268773898535307,0.0004147556719224638,0.567677062606782,0.8331282168813965,0.2434836243675035,0.825,6.5,0.15441046788541443,2.5
25,SVCLinear,uncertainty_sampling,0.6111111111111112,0.6111111111111112,0.4199488491048594,0.7036089798238138,0.10890509157329951,0.09387451658424387,1.449461015554658,0.28617364861323835,0.32142857142857145,0.7666666666666666,2.0,0.2249828525701843,4.0,0.5916727785823274,0.6756756756756757,0.7164649935996968,,0.0,0.11777503018357602,0.0592293380792268,0.0811386594761001,0.5916727785823274,0.52,10.660714285714286,1.8285471435225988,0.24511372623052682,0.2690778557804694,0.28541573975389484,0.1909854124321364,0.14069916638007052,0.20224430509607277,0.828042328042328,0.6859876001784091,1.0174068011649495,0.8,4.0,0.23306863292670035,5.0,7.432235707609489,0.965770711524971,0.08036390342189009,0.1125904740251621,,0.0,,0.25,,0.0,,0.5,0.5050762722761053,10.880954960016103,23.583942775096368,0.4682342656876581,10.848288499825692,23.58999478658791,0.5962333601222367,0.27642681840644523,2.669642857142857,2.8962008731016047,3.111111111111111,3.4605535432757746,0.6872699999999994,0.6119940776674226,1.9615248040754156,0.3167816434145097,1.8831333725062984,3.3620554776862317,0.044673245543055407,,0.0357142857142857,,0.1428571428571429,,4,2.25,0.9574271077563381,0.24999999999999997,0.3127125127753261,9.333333333333332,1.5396007178390017,0.5,0.3535533905932738,1.0547470378228845,0.7833333333333333,3.0,0.24907235301622108,6.0,0.7104591836734694,0.41470875366666715,0.37786508917989664,12.780741111111112,23.44872819351214,11.270670119047617,23.40728847720964,11.350378333333333,23.481673529467084,9.863572222222224,22.82440274348804,0.07960899006156971,0.08526930773845745,0.25,0.31948138351038086,0.14065381197788485,0.14285714285714285,0.35634832254989923,0.17857142857142858,0.3900210277874798,0.5666666666666667,1.0,0.2744242007828549,7.0,3,0.3333333333333333,0.10714285714285714,1.0,0.0,1.0,0.0,9,0,0,2,0.1388888888888889,1,28,3.0,9,7,0.410116318288409,17.207252904899843,,0.34615384615384615,0.12237831556002582,0.8333333333333333,6.0,0.17568209223157666,2.0,0.5133220870538137,-0.12145167134847384,0.8333333333333333,6.0,0.17568209223157666,2.0,2.9171688888888894,2.2278729175406555,1.0547470378228845,1,0.686866737111837,0.4908939766703367,,0.08949596350929359,0.5479489789563052,1.4069228111543195,0.021825642730992523,0.03797210035278571,0.42857142857142855,0.32142857142857145,0.14285714285714285,0.4444444444444444,11.289538827160492,23.459119732983453,1.7142857142857142,1.1126972805283737,0.2580005327400437,0.08275120230510061,0.4375,0.07216878364870322,0.4533333333333333,0.1175613545411146,0.6859876001784098,0.7064355310416397,0.1111111111111111,0.17300449576688912,10.292843111954506,0.0006999001963691576,0.48667791294618634,0.8700291728376979,0.2527209700209646,0.8333333333333333,6.0,0.17568209223157666,2.0
26,SVCLinear,uncertainty_sampling,0.5925925925925926,0.5925925925925926,0.37209302325581395,0.7028423772609819,0.07418911769396216,0.1269572861787857,0.9722910046784646,0.058391567442473,0.391304347826087,0.8,3.0,0.21942686286812776,4.0,0.5586293734521992,0.706601466992665,0.8348765969243944,,0.0,0.18824993097502984,0.06566766005041443,0.09448498658884026,0.5586293734521992,0.5743243243243243,8.58695652173913,1.5705179654629544,0.22132609287853047,0.27937451970272575,0.319592535436416,0.20624871450399931,0.16615150606609574,0.24323243266576283,0.8339920948616601,0.7509530367088715,1.1977015902132033,0.75,2.0,0.3263150034575203,6.0,9.838440920747841,0.9448590718595731,0.12791858522050717,0.051532450258787256,,0.0,,0.17391304347826086,,0.0,,0.5,0.5226441426161438,10.881354770445434,23.576631046356386,0.7116183626520483,10.845589112688366,23.583726198452236,0.5516941080718809,0.27517634781521366,1.9021739130434783,2.2373243080270098,2.5555555555555554,3.80784785347794,0.6506061111111113,0.6138235649077929,1.474140103903054,0.11312282199184001,1.960476269790608,2.760641975177476,0.0006686564988861443,,0.04347826086956519,,0.04347826086956519,,3,1.6666666666666667,0.5773502691896257,0.3333333333333333,0.3896907147753262,6.0,0.0,0.5,0.23570226039551584,2.300536257611449,0.8833333333333332,6.0,0.1932503014547343,2.0,0.6389413988657845,0.3265788913333345,0.2964822946316851,12.751852222222222,23.364302111908763,11.270683719806762,23.400484109262575,11.367613333333335,23.471150661303337,9.863904444444445,22.824266010151952,0.05678027422760969,0.07969679359167313,0.17391304347826086,0.2975551811510483,0.1462430121448245,0.08695652173913043,0.28810406552003043,0.08695652173913043,0.2881040655200304,0.4666666666666666,1.0,0.3832930735702298,7.0,2,0.2222222222222222,0.08695652173913043,1.0,0.0,1.0,0.0,9,0,0,2,0.2222222222222222,1,23,3.0,9,7,0.38721237518636065,16.12374619363292,,0.5,0.09920175116736302,0.9333333333333332,7.0,0.1405456737852613,1.0,0.6970189320920578,-0.18310270427866954,0.8666666666666666,5.0,0.23306863292670033,5.0,2.887947777777778,2.216989840875335,2.300536257611449,1,0.7123279201127618,0.5234354948833575,,0.14936825809286652,0.600021614538626,1.4729996617420185,0.023490223300829356,0.037546301895596455,0.391304347826087,0.391304347826087,0.17391304347826086,0.4444444444444444,11.286240222222222,23.440298738976676,1.2,0.8366600265340756,0.35355339059327373,0.0,0.5,0.0,0.5,0.1334901101281633,0.7509530367088713,0.8175356566276061,0.1111111111111111,0.2213845322309377,7.556563210485216,0.0011198403141906522,0.30298106790794227,0.8682087278438797,0.2907904081108809,0.85,4.0,0.19953649995631081,3.0
27,SVCLinear,uncertainty_sampling,0.5925925925925926,0.5925925925925926,0.37209302325581395,0.7028423772609819,0.07042871857958168,0.09542126958634937,0.9786177781439922,0.04878448579173251,0.5,0.6,2.0,0.31622776601683794,2.0,0.6500224216483541,0.6153846153846154,0.8550381851726736,,0.0,0.48704306495643035,0.08606019194139362,0.11374222739157687,0.6500224216483541,0.4482758620689655,6.888888888888889,1.2579810570391277,0.27433131532448535,0.2902557110427059,0.3464731990432171,0.2178190389265023,0.15578843574800286,0.2031669779069666,0.8104575163398693,0.6934232860250182,1.0750086783603074,0.7,3.5,0.34960294939005054,3.5,8.633566376213798,0.9295753138817895,0.11815281151143975,0.05516871741636467,,0.0,,0.2222222222222222,,0.0,,0.5,0.47140452079103173,10.866210006497091,23.537877444396543,1.1196627183435364,10.833168840055825,23.545418915928344,0.5685005827337126,0.35961295059848863,1.9027777777777777,1.8686439107972062,2.0,3.7401370677474253,0.6083255555555552,0.5335197947384683,1.5533500597362948,0.1221617198467206,1.9937924815201196,2.236514146861869,0.0,,0.0,,0.0,,3,1.6666666666666667,0.5773502691896257,0.3333333333333333,0.33793125168323446,6.0,0.0,0.5,0.23570226039551584,2.718720421565297,0.8,7.0,0.25819888974716115,1.0,0.6450617283950617,0.3644354349999996,0.35028270160843666,12.734074444444445,23.312355773492257,11.272257345679014,23.352983459933558,11.308711666666666,23.418325003364885,9.910571111111112,22.827377399419127,0.07529014005605153,0.10024604606107396,0.2222222222222222,0.3216287692694013,0.13281311208370336,0.1111111111111111,0.3233808333817773,0.2222222222222222,0.42779263194649864,0.45,1.0,0.3689323936863109,7.0,2,0.2222222222222222,0.1111111111111111,1.0,0.0,1.0,0.0,9,0,0,2,0.3333333333333333,1,18,2.0,9,7,0.45056120886630463,11.99795401383816,,0.5,0.08732280533259731,0.75,5.5,0.3535533905932738,5.5,0.7310902981033792,-0.2518989252767089,0.75,5.5,0.3535533905932738,5.5,2.8235033333333335,2.1901082530550857,2.718720421565297,1,0.6911732459093359,0.49261108791286073,,0.19429811234294425,0.5410503112268805,1.4701153228213397,0.026432141484044595,0.0416599312891272,0.5,0.5,0.2222222222222222,0.4444444444444444,11.278186759259258,23.395938286510393,1.2,0.8366600265340756,0.35355339059327373,0.0,0.5,0.0,0.5,0.13008209044554744,0.6934232860250181,0.7589737447079459,0.1111111111111111,0.22070593809662464,4.578774427265118,0.001660792878458949,0.2689097018966207,0.8661995657438157,0.3387984697848512,0.7,3.5,0.34960294939005054,3.5
28,SVCLinear,uncertainty_sampling,0.5925925925925926,0.5925925925925926,0.37209302325581395,0.7028423772609819,0.15607469716446098,0.21842224107877697,0.96785317851216,0.07160317258186497,0.6923076923076923,0.85,3.0,0.3374742788552764,5.0,0.3912435636292556,0.8344827586206897,0.804457970999959,,0.0,0.6765780416395974,0.08174597386917258,0.029634657069768866,0.3912435636292556,0.4,3.730769230769231,0.4995991983323822,0.1543282479199362,0.2568727471304187,0.39616220841846617,0.2594245191324907,0.09065341734330484,0.14955404796665273,0.8205128205128205,0.34364866779415937,0.7322000745657828,0.85,3.0,0.3374742788552764,5.0,4.9709366555363035,0.9229470722475747,0.08654331080615678,0.040526931715371986,,0.0,,0.0,,0.0,,0.5,0.5983211225424633,10.914320736940955,23.65104547653245,1.5263404697219796,10.896218110006778,23.65731909019327,0.7260343990147053,0.4323849207971939,0.6153846153846154,1.0237562810927818,1.4444444444444444,2.06401318656966,0.5268666666666666,0.5246554679025085,1.2803905363012116,0.05778189215151829,-0.33626822309764165,0.9843052406683974,0.0,,0.0,,0.0,,2,1.0,0.0,0.5,0.5983211225424633,4.0,0.0,0.5,0.0,1.8340865677881353,0.6,1.0,0.45946829173634074,7.0,0.5088757396449703,0.2868089699999989,0.2772674966914039,11.96074111111111,23.536936318119466,11.276225042735042,23.483435795489065,11.312032222222221,23.502635085120655,10.55289111111111,23.36468092927252,0.078706205840204,0.02280228951930886,0.15384615384615385,0.3354597475169614,0.22351617626399503,0.07692307692307693,0.2773500981126146,0.07692307692307693,0.2773500981126146,0.95,6.0,0.15811388300841897,2.0,1,0.1111111111111111,0.07692307692307693,1.0,,1.0,,9,0,0,2,0.3611111111111111,1,13,4.0,9,3,0.2711893730418441,11.297037675493815,,0.5,0.10635890745287926,0.85,3.0,0.3374742788552764,5.0,0.6471526271053708,0.06715696226459372,0.95,6.0,0.15811388300841897,2.0,1.4078500000000007,1.1770800110867572,1.8340865677881353,2,0.4557989481759665,0.3910025383105876,,-0.11114226293696963,0.5292232446068059,0.92476336333344,0.03896604938271605,0.06495417392454067,0.3076923076923077,0.6923076923076923,0.23076923076923078,0.3333333333333333,11.288226049382716,23.500018555178034,0.6666666666666666,0.5773502691896258,0.5,,0.5,0.0,0.5,0.19297892538625172,0.3436486677941597,0.5161864531899883,0.1111111111111111,0.3333333333333333,1.0313288935408056,,0.35284737289462925,1.1061463826449407,0.14999314207406056,0.95,6.0,0.15811388300841897,2.0
29,SVCLinear,uncertainty_sampling,0.5925925925925926,0.5925925925925926,0.37209302325581395,0.7028423772609819,0.19753082641974887,0.19556216268023258,0.9580618054353628,0.08321852493980297,1.125,,,,,0.5435644431995964,0.72,1.0,,0.0,0.4521320700709218,0.16402111173595085,0.10408633043936934,0.5435644431995964,1.0,1.8125,0.23145502494313785,0.22744707051001625,0.3163914953573735,0.43545558736961903,0.24754641561024385,0.1183209324404762,0.19761761123760058,0.8214285714285714,0.4375925196871032,1.0118086760709843,,,,,3.7199661434470515,0.8525292429967086,0.2137384308989095,0.04893322000375598,,0.0,,0.0,,0.0,,0.5,0.5303300858899106,10.92557109457217,23.72251065640802,1.4858748271290965,10.905384510118257,23.729812453793304,0.6464466094067263,0.350074354605877,0.4375,0.5303300858899106,0.8888888888888888,2.08533765910803,0.5493813888888895,0.6673390059069386,1.3555054447784192,0.11585521584245406,-0.9282801504458487,0.5600666986644484,0.0,,0.0,,0.0,,2,1.0,0.0,0.5,0.5303300858899106,4.0,0.0,0.5,0.0,inf,,,,,0.484375,0.28439150833333326,0.2974796339835836,11.936903333333333,23.54456686008685,11.276143194444444,23.55886509659125,11.327512777777777,23.586249287751738,10.575113333333332,23.429972573940415,0.14612080385654005,0.06156597700502625,0.25,0.4082310226959163,0.2520728225974517,0.125,0.3535533905932738,0.125,0.3535533905932738,,,,,1,0.1111111111111111,0.125,1.0,,1.0,,9,0,0,2,0.4722222222222222,1,8,5.0,9,5,0.37677016125643675,5.556642039664512,,0.5,0.12126781251816648,,,,,1.0,0.20708066287178858,,,,,1.3617900000000003,1.1777037666153574,inf,2,0.498991857411841,0.46062414359676934,,-0.23616587259802907,0.391138557696196,0.7862628699968758,0.06470143613000755,0.10214305787415313,0.375,1.125,0.25,0.2222222222222222,11.282854814814815,23.585916325796767,0.6666666666666666,0.5773502691896258,0.5,,0.5,0.0,0.5,0.21320071635561044,0.4375925196871032,0.7456855283004891,0.1111111111111111,0.3333333333333333,1.230853181477983,,0.0,1.273944688612141,0.2092753382378235,,,,
