query_number,attr_conc.mean,attr_conc.sd,attr_ent.mean,attr_ent.sd,attr_to_inst,cat_to_num,cohesiveness.mean,cohesiveness.sd,cor.mean,cor.sd,cov.mean,cov.sd,eigenvalues.mean,eigenvalues.sd,g_mean.mean,g_mean.sd,h_mean.mean,h_mean.sd,inst_to_attr,iq_range.mean,iq_range.sd,kurtosis.mean,kurtosis.sd,mad.mean,mad.sd,max.mean,max.sd,mean.mean,mean.sd,median.mean,median.sd,min.mean,min.sd,nr_attr,nr_bin,nr_cat,nr_cor_attr,nr_inst,nr_norm,nr_num,nr_outliers,num_to_cat,one_itemset.mean,one_itemset.sd,range.mean,range.sd,sd.mean,sd.sd,skewness.mean,skewness.sd,sparsity.mean,sparsity.sd,t2,t3,t4,t_mean.mean,t_mean.sd,two_itemset.mean,two_itemset.sd,var.mean,var.sd,wg_dist.mean,wg_dist.sd,ch,int,nre,pb,sc,sil,vdb,vdu,dataset_id,estimator,best_strategy,best_score
0.0,0.1747420012229588,0.21007875735864742,1.4102709989684694,1.0677624148703353,0.07048458149779736,0.0,58.27643171806167,4.460199561833404,0.30095506401450245,0.27844949773055816,273.0065050624388,1726.5712903744352,2305.904408451275,8855.304918832599,67.99786374079042,150.4968794609863,63.14357462995549,144.52422325221772,14.1875,36.778446875,77.67137378073828,2.123502099527717,3.28371369867025,26.723948396249995,55.79465219717306,112.90565000000001,240.66279741873134,72.52027018171806,156.8373199869439,75.1586875,164.26130429047038,38.14690625,95.76350399376906,16.0,9.0,0.0,0.15833333333333333,227.0,0.0,16.0,10.0,,0.26666666666666666,0.2647976750447602,74.75874375000001,157.91552663834324,21.251695064423792,44.47345114068266,1.4385211082635054,1.3180698163830527,0.2822249868440547,0.2524676257670751,0.07048458149779736,0.004405286343612335,0.0625,72.2029125,156.00925017591766,0.39855072463768115,0.23287152741243455,2305.9044084512743,5470.338450904151,1.3756007482165031,0.06518624320382202,645.735295849513,341.0755286467871,0.6733672881724316,-0.7366512149162323,0.0,0.6476783785512865,0.4644867924953157,7.606323256764494e-06,818.0,MLPClassifier,consensus_entropy_sampling,0.9487179487179487
1.0,0.19230459699513103,0.22773560928000972,1.4106221447711533,1.0675866671082954,0.07207207207207207,0.0,56.935810810810814,4.367191314002086,0.3010904061606896,0.278222681866894,274.13580300833917,1739.8593365421643,2322.1893219000003,8922.614784438301,68.02524180187905,150.58452676033156,63.156052963287166,144.58641456256436,13.875,36.8880375,77.8620697667859,2.093326075410168,3.208008724322248,26.863428624374997,56.20854514823082,112.90565000000001,240.66279741873134,72.56427466216215,156.96514947868127,75.00249687499999,164.0416907480986,38.14690625,95.76350399376906,16.0,9.0,0.0,0.15833333333333333,222.0,0.0,16.0,10.0,,0.2666666666666666,0.26475229325129696,74.75874375000001,157.91552663834324,21.31238046119057,44.63746421683576,1.4342406180695242,1.3110852127252592,0.28218236193099955,0.2524586864161828,0.07207207207207207,0.0045045045045045045,0.0625,72.2159203358209,156.0752810835867,0.39855072463768115,0.23266694463495824,2322.1893218999994,5511.850336789559,1.3748949669490453,0.06411160146987638,623.6613787157994,341.6794980040872,0.6733752604323979,-0.7329643878753023,0.0,0.6447516794813942,0.4684674888089207,7.952678603169501e-06,818.0,MLPClassifier,entropy_sampling,0.9487179487179487
2.0,0.2064865713171975,0.24516656041157414,1.4100893407011348,1.0671801675045693,0.07373271889400922,0.0,55.615207373271886,4.266271854383044,0.30068152866934905,0.27886556182073907,274.5657626313074,1747.6443517342343,2334.5516978087635,8967.576738184749,67.64987635538455,149.81818703386142,62.82567824371774,143.8803559007769,13.5625,36.87221875,77.88298146310031,2.0960305680999993,3.2170395820161906,27.1886786325,56.70209453032649,112.90565000000001,240.66279741873134,72.19392695852535,156.1969377193483,74.6584125,163.48124938205757,38.14690625,95.76350399376906,16.0,9.0,0.0,0.15833333333333333,217.0,0.0,16.0,10.0,,0.26666666666666666,0.26481946447371374,74.75874375000001,157.91552663834324,21.361389044791004,44.76001496438053,1.4457825087829907,1.2996972284799835,0.2821606618751178,0.2524224109626337,0.07373271889400922,0.004608294930875576,0.0625,71.62724403625955,154.83868395699133,0.39855072463768115,0.23257973657086617,2334.5516978087635,5545.296485797003,1.374535904579797,0.06378168234778195,601.8776405677178,340.87040950786763,0.676908825024923,-0.7272633707697238,0.0,0.6419026970623402,0.47611387831738866,8.26333011110581e-06,818.0,MLPClassifier,uncertainty_batch_sampling,0.9102564102564102
3.0,0.1949387470006556,0.24231694639935691,1.2959232497172257,0.9360990867633546,0.07547169811320754,0.0,54.507075471698116,4.240434949742468,0.29891430006457564,0.27963194501047095,266.65300691115647,1704.0958652690854,2275.248220316836,8737.640933378618,67.66603388430556,149.7093029492844,62.940011482886135,143.88834165482376,13.25,36.6376046875,77.41441927111093,2.2279202320331657,3.577620295545484,26.863859505,56.00133430734866,112.592325,239.72541114520033,72.1027563384434,155.92935474621143,74.59583437500001,163.38313036245484,38.14690625,95.76350399376906,16.0,9.0,0.0,0.15,212.0,0.0,16.0,10.0,,0.3018867924528302,0.2704847245191659,74.44541875,157.052576008173,21.106600613518104,44.17854237351912,1.4592997148839615,1.333265556875105,0.2821701865416407,0.2523465315082647,0.07547169811320754,0.0047169811320754715,0.0625,71.60419643554687,154.75483219685972,0.42725173210161665,0.22134699488784926,2275.2482203168365,5397.482444353661,1.3721121128974767,0.07224361247644041,590.773725307805,336.7080297801696,0.676995597852501,-0.7286790039451325,0.0,0.6429220764281026,0.4745377989527517,8.656170724203896e-06,818.0,MLPClassifier,max_disagreement_sampling,0.9615384615384616
4.0,0.16569260111381473,0.1977789291489869,1.2955918102830157,0.9362788739584483,0.07729468599033816,0.0,53.21739130434783,4.182465211935448,0.29940710188354747,0.279524607727228,265.67402030137424,1696.0535277649376,2261.833335172004,8690.157022966441,67.23389962759424,148.89113172909853,62.56517114850721,143.1602364510975,12.9375,36.184434375,76.1675054056709,2.244447868803185,3.6276688597542215,27.189086347499998,56.554386235151824,112.59191874999999,239.72561178731883,71.6576870772947,155.05889414683696,74.220175,162.71049371287438,38.14690625,95.76350399376906,16.0,9.0,0.0,0.15,207.0,0.0,16.0,10.0,,0.3018867924528302,0.2705374107495751,74.4450125,157.05277998912712,21.0545166231282,44.04289624068393,1.47010417617201,1.3279597927450744,0.2821424086201356,0.25231125425951,0.07729468599033816,0.004830917874396135,0.0625,71.04077225,153.6943285619013,0.42725173210161665,0.22118441559902835,2261.833335172004,5361.668710452036,1.3727507621735433,0.07474324036159424,585.7405842746714,335.2291458615441,0.6803853852615318,-0.730530227492133,0.0,0.6439593377018966,0.47457881511091055,9.016844504379059e-06,818.0,MLPClassifier,entropy_sampling,0.9871794871794872
5.0,0.14898306335038608,0.2209888327410884,1.2956095170009108,0.9357587103068746,0.07920792079207921,0.0,51.67450495049505,4.027389096894701,0.29962869882898474,0.2799346773928292,271.1829672479119,1730.8951459544853,2307.860970691144,8869.418548302407,67.03670400882379,148.5499666344343,62.34013168773156,142.77819877064815,12.625,37.060128125,78.31601796902453,2.195910743264557,3.5436241636919417,27.74694239625,57.714879456885065,112.52941874999999,239.74286997247202,71.53147397896039,154.81771201106577,74.001425,162.42425382370496,38.14690625,95.76350399376906,16.0,9.0,0.0,0.15,202.0,0.0,16.0,10.0,,0.3018867924528302,0.2705416026880086,74.3825125,157.06377962676976,21.257803999538787,44.49379570002498,1.4702957796210603,1.3136891602462284,0.2821367698544316,0.2522482619046145,0.07920792079207921,0.0049504950495049506,0.0625,70.78408386270492,153.16049808876727,0.42725173210161665,0.2213515578432437,2307.860970691146,5472.973639401389,1.3772756960597592,0.07205552300375992,581.9151723758908,338.80388081945176,0.6820779466777396,-0.7342892247424837,0.0,0.6459306192115473,0.47074658024828664,9.436232620861805e-06,818.0,MLPClassifier,margin_sampling,0.9871794871794872
6.0,0.13112987721337252,0.1803218207230684,1.2956340096380385,0.935322519847737,0.08121827411167512,0.0,50.38451776649746,3.9311868107168566,0.2986366537360668,0.28040281364517705,270.63768474255556,1736.3713393828677,2314.628247020738,8898.118336283214,67.4283583106676,149.52169460727407,62.65403130364271,143.6680455372699,12.3125,37.24755625,78.93257359053544,2.175674879167862,3.451703136178248,27.374235288749997,57.0708561598617,112.52941874999999,239.74286997247202,71.96698337563451,155.84005026736688,74.40843125,163.2433731735808,38.14690625,95.76350399376906,16.0,9.0,0.0,0.15,197.0,0.0,16.0,10.0,,0.3018867924528302,0.2705409096209475,74.3825125,157.06377962676976,21.274703501533608,44.5662381982005,1.4525379910732383,1.3228217747088478,0.28205792652996475,0.2522660348037292,0.08121827411167512,0.005076142131979695,0.0625,71.45229837184874,154.68505552219352,0.42725173210161665,0.22134186097962347,2314.62824702074,5492.433434231862,1.3755640971052117,0.0709406106109465,555.1578426177005,339.8639786262474,0.6772806642871975,-0.7309921813693941,0.0,0.6430706081838117,0.4709575222217004,1.0018716115976734e-05,818.0,MLPClassifier,uncertainty_batch_sampling,0.9871794871794872
7.0,0.2100260516906732,0.23910442099781312,1.2955233997390114,0.9342555027387973,0.08333333333333333,0.0,49.067708333333336,3.834109821576483,0.2996432936268979,0.2800771288210209,273.5731778060169,1752.1859881874748,2333.0938891648457,8975.028618320699,67.4841791311922,149.5637190134071,62.68262753150704,143.64722195106518,12.0,37.18498125,79.02796511779206,2.1347722224154575,3.34561411147025,27.46654567125,57.530101234726416,112.52941874999999,239.74286997247202,72.04432880859375,155.94662113965924,74.564703125,163.39303555238052,38.14690625,95.76350399376906,16.0,9.0,0.0,0.15,192.0,0.0,16.0,10.0,,0.3018867924528302,0.2705615358780178,74.3825125,157.06377962676976,21.351385218805504,44.74773425507955,1.4467709512512172,1.3138720921111615,0.2820502700087076,0.25219630860292186,0.08333333333333333,0.005208333333333333,0.0625,71.55339137931036,154.8244935494983,0.42725173210161665,0.22144960507662104,2333.093889164844,5535.388375256296,1.3746225126965144,0.06972228272545232,550.4237420887288,341.796816929017,0.6773849352601296,-0.7347918755827085,0.0,0.6471768939545212,0.46596294801973265,1.0545071874730299e-05,818.0,MLPClassifier,consensus_entropy_sampling,1.0
8.0,0.16696873063435397,0.22079784019318352,1.2952531805453809,0.9340276480930333,0.0855614973262032,0.0,47.62299465240642,3.689076707197094,0.29935447651666025,0.280867992294654,279.5363386313801,1791.2468854365584,2385.730730426769,9177.27720031931,67.24265332508395,149.13875941733772,62.41466803600632,143.1820642429954,11.6875,37.68539375,79.8940283052638,2.10680562888556,3.309648221106991,28.117444136249997,58.76329692067175,112.52941874999999,239.74286997247202,71.88682717245989,155.6328960691229,74.283125,162.97567021128236,38.14690625,95.76350399376906,16.0,9.0,0.0,0.15833333333333333,187.0,0.0,16.0,10.0,,0.30188679245283023,0.2706130414423623,74.3825125,157.06377962676976,21.586260702627733,45.252053558469825,1.4529972836402467,1.3015308434607007,0.2820052226932268,0.25216624624266953,0.0855614973262032,0.0053475935828877,0.0625,71.2344232300885,154.1561496078796,0.42725173210161665,0.22166908088271886,2385.730730426769,5662.41379845083,1.3764871371239937,0.06983618127730029,547.5367234202611,345.88020210374424,0.6793428005724218,-0.739433332963053,0.0,0.6498795503385818,0.461010537013309,1.1072201437981343e-05,818.0,MLPClassifier,margin_sampling,0.9743589743589743
9.0,0.18249188721646672,0.22552063112224563,1.2949591747217912,0.9345585460951471,0.08791208791208792,0.0,46.42994505494506,3.634819943142137,0.29890693804190055,0.281527424669129,277.51275837234573,1776.094048756424,2363.8484332569783,9094.915363355218,67.54950576235053,149.64419987234692,62.761984951646596,143.665204236029,11.375,37.5135234375,79.65339105257827,2.1690620418779276,3.483598829942322,27.698716198125,57.87424658657402,112.52941874999999,239.74286997247202,72.1108012706044,156.08453819069123,74.4710625,163.34121919095875,38.1477625,95.763150512055,16.0,9.0,0.0,0.15833333333333333,182.0,0.0,16.0,10.0,,0.3018867924528301,0.27064899610211723,74.38165624999999,157.06420921650258,21.49104850795331,45.04200430455437,1.4595547868347154,1.3169308641535997,0.2819977257037769,0.2520875164276085,0.08791208791208792,0.005494505494505495,0.0625,71.50482443181818,154.69927963840126,0.42725173210161665,0.22185924369780052,2363.848433256978,5606.577600628259,1.3745489781268247,0.07184801854912584,521.0181310581327,343.86792900573704,0.6776094683809314,-0.7342574403621088,0.0,0.6471204372030721,0.46286176456425354,1.1730324813173506e-05,818.0,MLPClassifier,entropy_sampling,1.0
10.0,0.16750833764270873,0.22391863999954806,1.293847527440891,0.933572699805224,0.0903954802259887,0.0,44.99858757062147,3.49588812595066,0.29894205092005266,0.28320975546425575,284.87890433251874,1825.4621297601057,2421.6264133944924,9335.878234273257,67.33067463534499,149.1355122574894,62.489775938058514,143.09755976428764,11.0625,37.81058125,80.29367809819334,2.162549213786665,3.440966908736859,29.043781882499996,60.6296125606977,112.52941874999999,239.74286997247202,71.98912764830509,155.71990189837769,74.2832,162.99854566280032,38.1477625,95.763150512055,16.0,9.0,0.0,0.15833333333333333,177.0,0.0,16.0,10.0,,0.3018867924528301,0.2708297248140639,74.38165624999999,157.06420921650258,21.740945241657464,45.59482676378968,1.4691707958538776,1.305936551654236,0.2819471473707555,0.25205431808125833,0.0903954802259887,0.005649717514124294,0.0625,71.24466927570094,153.94696046340687,0.42725173210161665,0.22217179403021134,2421.6264133944906,5743.469598856039,1.3735040683186035,0.07476494666801792,529.984372985709,348.4267900063038,0.6814670463014058,-0.7422855388879452,0.0,0.6528490525635959,0.4555025198096929,1.2305340735387893e-05,818.0,MLPClassifier,margin_sampling,1.0
11.0,0.11217781422919941,0.1837295600585848,1.2941048776377402,0.9343981410511063,0.09302325581395349,0.0,43.582848837209305,3.3776446463672203,0.2988932363389212,0.2839216614573615,292.47620106301105,1874.96878246857,2485.602311311322,9587.035796206555,67.33750328405915,149.15232389874407,62.393044746831976,142.97162011450197,10.75,38.26413125,81.18610435366773,2.1440444032793424,3.426092271438747,29.044421253750002,60.498630504620685,112.52941874999999,239.74286997247202,72.11895970203489,155.9304814989656,75.40844999999999,164.32922329984098,38.1477625,95.763150512055,16.0,9.0,0.0,0.15833333333333333,172.0,0.0,16.0,10.0,,0.3018867924528302,0.2708037343189089,74.38165624999999,157.06420921650258,22.018513544761717,46.19711243605851,1.4660762298228533,1.3100423831282908,0.28193798298318673,0.2519687311606181,0.09302325581395349,0.005813953488372093,0.0625,71.3909703125,154.1260265289644,0.42725173210161665,0.2225377399920911,2485.602311311323,5896.03133763647,1.3730429152253212,0.0792395835744186,555.7647747077386,357.31744606875486,0.6778581775640309,-0.7634055507730997,0.0,0.6727848213792886,0.4250648975387791,1.3127298372014695e-05,818.0,MLPClassifier,entropy_sampling,1.0
12.0,0.18437368353135944,0.23471322576165515,1.2926951645073808,0.9347778791223614,0.09580838323353294,0.0,42.196107784431135,3.3341876144802494,0.30144455114441954,0.2829027534281682,301.4175805294357,1933.1737739499524,2555.6456882623565,9875.269248496928,67.18324127704864,148.8194684199456,62.163741257210816,142.51980733771404,10.4375,38.8121875,82.42661569911445,2.198624146665974,3.57302779876485,29.87843935125,62.57901085291439,112.52941874999999,239.74286997247202,72.07992761976048,155.7993219198619,76.0328625,165.27995910773888,38.1477625,95.763150512055,16.0,9.0,0.0,0.15833333333333333,167.0,0.0,16.0,10.0,,0.3018867924528302,0.27102121148085223,74.38165624999999,157.06420921650258,22.303235624672457,46.855367464089724,1.48249458691947,1.3191732701856962,0.28189285214174736,0.2519179036507938,0.09580838323353294,0.005988023952095809,0.0625,71.26194641089108,153.73343939224154,0.42725173210161665,0.2231838804946829,2555.6456882623565,6063.910988141691,1.3674643365915016,0.08521019256844635,594.7233925207386,364.50753526009373,0.6818998145074996,-0.7826396220785244,0.0,0.6886324327727953,0.41034136164997675,1.652552675312727e-05,818.0,MLPClassifier,max_disagreement_sampling,1.0
13.0,0.11491567008401643,0.18592909898817273,1.2921239372956472,0.9333786675119767,0.09876543209876543,0.0,40.85339506172839,3.261820960690944,0.30221453559605593,0.2828200866350429,305.00396287985467,1955.7883282267574,2584.3818229809453,9991.713155467258,66.69873203720633,147.89991410592555,61.73756566680625,141.66168775392825,10.125,38.812421875,82.33267491614174,2.1493911048677816,3.4595259140236023,30.529008864375,63.67290681100604,112.52941874999999,239.74286997247202,71.60993449074074,154.9008162954209,75.25060937500001,164.02469926025188,38.1477625,95.763150512055,16.0,9.0,0.0,0.15833333333333333,162.0,0.0,16.0,10.0,,0.3018867924528302,0.2711195917971698,74.38165624999999,157.06420921650258,22.415387548518407,47.12459767077821,1.4927835449314992,1.2893960732114258,0.28183449440761543,0.2518761783178683,0.09876543209876543,0.006172839506172839,0.0625,70.47726823979592,152.19729344645626,0.42725173210161665,0.2234904158648939,2584.3818229809444,6136.300167357176,1.3677160291970991,0.08689306278566442,573.9270400097492,365.02132690952294,0.6855069132387621,-0.7790128760941043,0.0,0.6869894048312281,0.41633878774009464,1.7433522728573826e-05,818.0,MLPClassifier,uncertainty_batch_sampling,0.9871794871794872
14.0,0.12502414980786933,0.18990711843875935,1.2940357531463653,0.9380735203301537,0.10191082802547771,0.0,39.53503184713376,3.2180018235170014,0.30155463667533045,0.28390124486723567,308.44822927934035,1980.0789741731091,2611.1589786233244,10104.661242737584,66.26934323709548,147.01318916233996,61.320898522712724,140.8165329459485,9.8125,39.2497375,83.46844090850045,2.247295935864891,3.6405200268604383,31.085600069999998,65.087405492797,112.52941874999999,239.74286997247202,71.23362026273887,154.06248499488385,74.46913125,163.13599775936933,38.1477625,95.763150512055,16.0,9.0,0.0,0.15833333333333333,157.0,0.0,16.0,10.0,,0.3018867924528302,0.27082695736320744,74.38165624999999,157.06420921650258,22.53096515994395,47.36822662316689,1.5189928308564098,1.2976599252622194,0.28181390128271977,0.25178312598739544,0.10191082802547771,0.006369426751592357,0.0625,69.95824539473685,151.04763806161426,0.42725173210161665,0.22266521523857857,2611.158978623324,6194.617959483065,1.3642792972452666,0.0964462703143597,585.2657458546774,367.65620432610206,0.6885761317958554,-0.7882031230841253,0.0,0.6935247974632152,0.4086955494996958,1.8447099631397884e-05,818.0,MLPClassifier,margin_sampling,0.9871794871794872
15.0,0.13842654595665246,0.1902890635705471,1.2896853647324162,0.9389904945370594,0.10526315789473684,0.0,38.40953947368421,3.0506960097864346,0.2999111842804856,0.2868795651354494,295.24425935451313,1899.6148580529978,2516.5210028892925,9720.322185413093,67.57082358610452,149.3890162176729,62.91963115715419,143.3577601275024,9.5,38.483459374999995,81.74184284902269,2.617440049751813,4.86531274877137,30.064445420625,62.89241357035561,112.52941874999999,239.74286997247202,72.2341681743421,156.10776281791735,75.87630625,165.04135021615025,39.777418749999995,98.89377729936446,16.0,9.0,0.0,0.19166666666666665,152.0,0.0,16.0,10.0,,0.3018867924528302,0.2714614205252858,72.752,154.74879174822658,22.118576048969103,46.502067010176525,1.5562630010513736,1.3997653525805556,0.2817894594466987,0.2516867902811266,0.10526315789473684,0.006578947368421052,0.0625,71.04023960597826,153.25213128425614,0.42725173210161665,0.22426682945616236,2516.521002889293,5986.193205775995,1.3585194924374324,0.10717852349130684,542.026090411385,360.85516032838257,0.6844655178755806,-0.7815956989993945,0.0,0.6895412723955511,0.4102352819293335,1.9844607179231056e-05,818.0,MLPClassifier,entropy_sampling,0.9871794871794872
16.0,0.21148514242966668,0.2602823568465395,1.2881228033559138,0.94224180992709,0.10884353741496598,0.0,37.183673469387756,2.9810440691077575,0.29998337720324575,0.2885353120545174,302.6812536944892,1945.5496790717245,2573.8938029326528,9951.909618287684,67.77124216804691,149.81950160911057,63.024310438144795,143.6306631860596,9.1875,39.281687500000004,83.34219527021611,2.8469641120629676,5.32749194717567,30.1563990525,63.66725129118945,112.52941874999999,239.74286997247202,72.54154851190475,156.72553912330864,76.47063125,166.04956555756365,39.777418749999995,98.89377729936446,16.0,9.0,0.0,0.19166666666666665,147.0,0.0,16.0,10.0,,0.3018867924528302,0.2716840824433794,72.752,154.74879174822658,22.34977943379627,47.039060786466216,1.5762715307525432,1.4649502796513991,0.2817498678236925,0.2515996448163726,0.10884353741496598,0.006802721088435374,0.0625,71.45083047752809,154.0511914182904,0.42725173210161665,0.22459563076700303,2573.8938029326528,6125.089517975381,1.3480296371545688,0.11368255196741721,561.3831101000225,368.60870342420316,0.6808564733469501,-0.7977920088060948,0.0,0.7066039657390871,0.38597014069944224,2.820662072232587e-05,818.0,MLPClassifier,margin_sampling,0.9871794871794872
17.0,0.13070420238606076,0.20959386703465335,1.2861464778727925,0.9490904683230158,0.11267605633802817,0.0,36.070422535211264,2.6209004119069372,0.29556590565944774,0.29221410930556313,291.9807463197383,1875.9662125342054,2490.8395670098494,9613.119106584221,68.9836216686704,152.13629519675388,64.4248508666896,146.03713325503543,8.875,38.9373515625,82.71220367862314,4.324154170533338,10.694247029080751,28.950308585625,61.30198015203728,112.52941874999999,239.74286997247202,73.51849335387324,158.79072919371336,77.315690625,167.53535912126353,41.094075000000004,102.35225683771706,16.0,9.0,0.0,0.19166666666666665,142.0,0.0,16.0,10.0,,0.3018867924528302,0.2718172243183803,71.43534375,151.89519316309287,21.982446087776836,46.2758296133992,1.6875656066661895,1.820503150899328,0.2817480008122943,0.2514589054402951,0.11267605633802817,0.007042253521126761,0.0625,72.6641804505814,156.61931482853333,0.42725173210161665,0.22569580142131868,2490.8395670098475,5933.7391583600465,1.3367990159087462,0.1159751800601612,511.8907152135593,363.2063280713021,0.6735786134586814,-0.7903095778098741,0.0,0.7010802208173067,0.3879180627406184,3.068088569796848e-05,818.0,MLPClassifier,vote_entropy_sampling,0.9743589743589743
18.0,0.11958613094073815,0.20143631421388863,1.2856956312932901,0.9492339074662689,0.11678832116788321,0.0,34.7956204379562,2.6264822457473946,0.29537961688462633,0.29269825761132545,294.58495987624315,1893.1778314468738,2515.382980559097,9706.267004481766,68.79762090834835,151.7855660217662,64.21784825112923,145.68190553142455,8.5625,38.8121625,82.46463342978714,4.288615067948827,10.403803741590622,29.506492076249998,62.67351335804765,112.52941874999999,239.74286997247202,73.37384945255474,158.48646347172158,76.97120625,167.00699360308025,41.094075000000004,102.35225683771706,16.0,9.0,0.0,0.19166666666666665,137.0,0.0,16.0,10.0,,0.3018867924528302,0.27189581050413286,71.43534375,151.89519316309287,22.08666930623955,46.505191331903724,1.6915006896358347,1.8077650900573414,0.2817166318315085,0.2513436629713723,0.11678832116788321,0.0072992700729927005,0.0625,72.39086521084337,156.01431154839207,0.42725173210161665,0.22588077775249651,2515.382980559096,5996.253875107979,1.3365445892213321,0.12017512263580511,492.50834541293983,364.8490474850465,0.6735991487226165,-0.7895756234795821,0.0,0.7035826154520678,0.38589218408027337,3.295984283961359e-05,818.0,MLPClassifier,uncertainty_batch_sampling,1.0
19.0,0.1366325788337411,0.19139142085257996,1.2860656582466883,0.948408758469077,0.12121212121212122,0.0,33.49810606060606,2.4921625645626055,0.2946881945355797,0.29244309671709795,291.34201879739,1871.376488411243,2487.1367608135356,9592.263724348139,69.77428918170946,153.47262934601522,65.15839583670373,147.23186028469095,8.25,38.734629687500004,82.11161301541297,4.264024272288637,10.186982228016282,28.253393923124996,60.26340387144897,112.52941874999999,239.74286997247202,74.26106382575757,160.1456858569072,78.2548125,169.10944079102885,41.094075000000004,102.35225683771706,16.0,9.0,0.0,0.21666666666666667,132.0,0.0,16.0,10.0,,0.3018867924528302,0.27179244499251565,71.43534375,151.89519316309287,21.97661085165631,46.23609367915527,1.6616030927425107,1.8271023210271657,0.28158668240338997,0.25133095229561403,0.12121212121212122,0.007575757575757576,0.0625,73.6754315625,158.4601857046896,0.42725173210161665,0.22463204085514601,2487.136760813534,5923.477122397801,1.3391466293693004,0.10849003803352072,453.89365204134265,364.747769078822,0.6634676154115522,-0.7857700531228459,0.0,0.700499922645287,0.38142027131754397,3.625582712357495e-05,818.0,MLPClassifier,uncertainty_batch_sampling,0.9871794871794872
20.0,0.20341768843962263,0.23134701667013127,1.284527771124152,0.9461404611475385,0.12598425196850394,0.0,32.01574803149607,2.2945324141314853,0.2952472944617467,0.2939904619085398,300.94522486890975,1934.7273810764189,2568.999001255551,9917.91987439621,69.36051993483538,152.75339779788084,64.72271153931403,146.46059912251414,7.9375,39.000578125000004,82.78815042101732,4.09668055152844,9.75322819010504,28.857298601249997,61.298554441723645,112.52941874999999,239.74286997247202,73.9470779527559,159.5886012429042,77.53703125,168.42061053478665,41.094075000000004,102.35225683771706,16.0,9.0,0.0,0.20833333333333334,127.0,0.0,16.0,10.0,,0.30188679245283023,0.2720589825332506,71.43534375,151.89519316309287,22.309525341086523,47.00393266169368,1.6613964883424457,1.7823023164887817,0.2815571313643077,0.251188930843866,0.12598425196850394,0.007874015748031496,0.0625,73.0903586038961,157.35588341052718,0.42725173210161665,0.2255307197006494,2568.999001255551,6125.7175003551,1.3370169445548878,0.11623595903809696,447.9705678801847,369.05526510968417,0.6703747419377963,-0.787196894692461,0.0,0.7002226603019861,0.38364226628441966,3.861010161211878e-05,818.0,MLPClassifier,uncertainty_sampling,0.9871794871794872
21.0,0.17269855796702782,0.19725931481298914,1.1473174829115154,0.7847976970141624,0.13114754098360656,0.0,30.74795081967213,2.218790877085759,0.29425073149479225,0.2934457350533599,297.21322341004293,1910.0892199252878,2543.210164411191,9804.834448767548,70.31925704492804,154.7532754513683,65.54038656121124,148.33481871958523,7.625,38.953134375,82.66847439133004,3.9268800071542707,9.291739379611391,27.649669936874997,59.03618565203386,112.52941874999999,239.74286997247202,74.91641439549181,161.58619727814315,78.8193125,170.62318952254554,41.094075000000004,102.35225683771706,16.0,9.0,0.0,0.19166666666666665,122.0,0.0,16.0,10.0,,0.3478260869565217,0.27683219843992934,71.43534375,151.89519316309287,22.1945943132068,46.768766189223435,1.6136144948246978,1.7739901045112256,0.28140933188260003,0.25116932067538134,0.13114754098360656,0.00819672131147541,0.0625,74.5956660472973,160.3957490391003,0.45731707317073167,0.211424595156997,2543.210164411191,6069.00427524171,1.343722930313959,0.11073394870361185,404.07826920144856,369.21584062574993,0.6583421142217971,-0.7811751325993326,0.0,0.6915018835509629,0.38886067596687807,4.2900112902354206e-05,818.0,MLPClassifier,uncertainty_sampling,0.9871794871794872
22.0,0.2180380651911454,0.2547708174799253,1.1474258615961372,0.7853889681276597,0.13675213675213677,0.0,29.284188034188034,2.025671978465009,0.2959253535255082,0.2936863656146383,308.09106049238045,1980.758417561029,2630.3033278401554,10160.557021304705,69.83679198064763,154.0296348046683,65.06133874161065,147.5536101972498,7.3125,40.0638625,85.3176771821477,3.795885499183035,8.881142512043892,28.300508171249998,60.14456825742335,112.52941874999999,239.74286997247202,74.52933418803418,161.0301473811364,77.9757625,169.6863890338404,41.094075000000004,102.35225683771706,16.0,9.0,0.0,0.19166666666666665,117.0,0.0,16.0,10.0,,0.3478260869565217,0.2768367114993665,71.43534375,151.89519316309287,22.542408147738257,47.5775091150255,1.6220403939217332,1.7307932018596235,0.2813092902902136,0.2510770883952295,0.13675213675213677,0.008547008547008548,0.0625,73.89087720070424,159.26145627656862,0.4573170731707317,0.21198292804820013,2630.3033278401545,6282.265144009951,1.3405843684567256,0.11801472106278146,398.2392884999394,373.41673837155804,0.666278442414676,-0.7817998193456791,0.0,0.6913710540485146,0.3911518867617102,4.5879287409462134e-05,818.0,MLPClassifier,uncertainty_sampling,0.9871794871794872
23.0,0.13253291299356898,0.18849104393431645,1.1456224930174512,0.7877848784506143,0.14285714285714285,0.0,27.895089285714285,1.9184935651504829,0.29676727637302786,0.29500483808219496,320.23066498825114,2058.696178762005,2731.5247320338444,10561.045998895985,69.38550005512506,153.2456202323216,64.57612804603305,146.6953375996097,7.0,41.550571875,88.43110977772984,3.852037410516005,8.65342095684942,29.83403548125,63.293887526143365,112.52941874999999,239.74286997247202,74.20696830357141,160.45155207003236,77.319128125,168.87071409259903,41.094075000000004,102.35225683771706,16.0,9.0,0.0,0.20833333333333334,112.0,0.0,16.0,9.0,,0.34782608695652173,0.2771851733576151,71.43534375,151.89519316309287,22.94355902060039,48.49871840508305,1.6484499862610493,1.7269736007320755,0.28124951874951876,0.2509188407690174,0.14285714285714285,0.008928571428571428,0.0625,73.29661231617646,158.09937302595972,0.4573170731707317,0.21309263302872092,2731.524732033844,6530.570247256657,1.3309253318643084,0.12908105580425594,397.7287254161377,379.34296228012886,0.6737290718409954,-0.7866999842026465,0.0,0.6937014218214171,0.3904616263712952,4.930311482807871e-05,818.0,MLPClassifier,consensus_entropy_sampling,0.9871794871794872
24.0,0.1716536977358662,0.22410440967887976,1.147533411854023,0.7853563696091443,0.14953271028037382,0.0,26.614485981308412,1.8350397063437691,0.3000850619767686,0.29100850549066054,315.3958867914109,2007.6154275774682,2666.8112745446188,10301.699900806216,70.80510526781703,155.72877696972094,65.99241023395618,149.03171773575497,6.6875,43.8213125,92.72812898865783,3.6314874422662644,8.174411017536226,28.021909098749997,59.59041903381811,112.52941874999999,239.74286997247202,75.45040554906542,162.81613393900813,78.2263875,170.2104128501069,41.094075000000004,102.35225683771706,16.0,9.0,0.0,0.21666666666666667,107.0,0.0,16.0,9.0,,0.34782608695652173,0.27680605057181895,71.43534375,151.89519316309287,22.69681861604211,47.907307158777385,1.5888900232974463,1.7142905511824431,0.2811257287176441,0.25081522285182745,0.14953271028037382,0.009345794392523364,0.0625,75.09954865384614,161.59362368535622,0.4573170731707317,0.2127633817061534,2666.8112745446183,6370.440734076282,1.337508619674832,0.11387145890299491,350.4607316878619,374.67576683818095,0.6655982951290025,-0.7740383278827866,0.0,0.6785138395102746,0.40496457999342117,3.6487039287487067e-05,818.0,MLPClassifier,margin_sampling,0.9871794871794872
25.0,0.16812706100465083,0.21760943766028398,1.1467336628665428,0.7847750388379859,0.1568627450980392,0.0,25.433823529411764,1.8824280161208102,0.30115731360360815,0.2900719215153731,310.983869238566,1965.6424085948709,2618.6475201507933,10100.434639992303,72.09608149426984,158.16169426565634,67.20387406791792,151.3104870394273,6.375,43.883584375,92.8851267273466,3.6336986818371813,7.983241311586313,27.091799988749997,57.95115255515306,112.52941874999999,239.74286997247202,76.65439234068629,165.17931238471905,79.63374375000001,172.45009932161042,41.094075000000004,102.35225683771706,16.0,9.0,0.0,0.225,102.0,0.0,16.0,9.0,,0.3478260869565217,0.2769710633404763,71.43534375,151.89519316309287,22.504739526163043,47.46574027946581,1.552898765760687,1.7456694804193778,0.2809099798905075,0.2507932805496407,0.1568627450980392,0.00980392156862745,0.0625,76.87001945564516,165.08277665347725,0.4573170731707317,0.21181282398769669,2618.647520150792,6258.320051546857,1.3382495393403013,0.11138941998228359,790.1145330039727,275.2728997102478,1.5513225832869018,-0.6308429270466295,1.0,0.6760926792974904,0.4689138021182334,0.0006184832404137513,818.0,MLPClassifier,uncertainty_sampling,0.9871794871794872
26.0,0.12631174429722242,0.1808291277908799,1.1466247146618678,0.7857865255666046,0.16494845360824742,0.0,24.15979381443299,1.8129258002038233,0.30279188884775576,0.2887004209637953,311.08054353502433,1965.7690896371544,2615.7172387489904,10091.827041709537,71.88380196816414,157.6749359052076,67.013388711235,150.8503041204734,6.0625,44.00865625,93.03379939194836,3.701481690228192,8.04014934090558,27.370306398750003,58.51808323083487,112.52941874999999,239.74286997247202,76.43217467783505,164.67885683638994,79.41482500000001,172.19395919149815,41.094075000000004,102.35225683771706,16.0,9.0,0.0,0.21666666666666667,97.0,0.0,16.0,9.0,,0.34782608695652173,0.27696345066264233,71.43534375,151.89519316309287,22.503343485080713,47.433510188377326,1.5628587850878854,1.7576679823936117,0.2807321215509807,0.25069852710813884,0.16494845360824742,0.010309278350515464,0.0625,76.60066504237287,164.51781266242466,0.4573170731707317,0.2111141924355108,2615.717238748989,6243.70872384301,1.3368973429942785,0.11098393257196468,310.5934359909288,376.79635132644205,0.647765147579506,-0.7804941587866204,0.0,0.6856552345057167,0.38563863048595826,9.530433665426358e-05,818.0,MLPClassifier,entropy_sampling,0.9871794871794872
27.0,0.13034856263472416,0.1831858374971245,1.147802779645045,0.7843551396197525,0.17391304347826086,0.0,22.96195652173913,1.8144281266173914,0.30130328773147785,0.2882417235580293,304.892337740945,1934.6158076061286,2584.448267095109,9951.816108744935,72.3895637728084,158.75627171966855,67.48794529801967,151.91379798195717,5.75,43.4924125,91.87300896764556,3.5003810701228106,7.523567872196321,27.091799988749997,57.95115255515306,112.52941874999999,239.74286997247202,76.89721202445654,165.68190906172688,79.63365937500001,172.45014020171476,41.094075000000004,102.35225683771706,16.0,9.0,0.0,0.21666666666666667,92.0,0.0,16.0,9.0,,0.34782608695652173,0.27676037161708417,71.43534375,151.89519316309287,22.37089119210806,47.14789773316552,1.5311004120847556,1.7230517937672039,0.28056969917019736,0.25055225717135987,0.17391304347826086,0.010869565217391304,0.0625,77.20826104910714,165.78247399343317,0.4573170731707317,0.21098491164279212,2584.448267095108,6177.90523302503,1.345646409505144,0.10578662806258664,272.3425832366062,374.6100937863323,0.6389960873358715,-0.7684725142601394,0.0,0.6749411898267432,0.39715579521596045,0.00010795446277812405,818.0,MLPClassifier,entropy_sampling,0.9871794871794872
28.0,0.17414613024013725,0.22155752185856162,1.1459157804517413,0.7881358072376102,0.1839080459770115,0.0,21.554597701149426,1.6658223436068356,0.30191902086910055,0.2899596893999958,321.2141366687087,2042.3733136603441,2725.7296777990878,10505.595492984987,72.00905447043034,157.96838730619993,66.98275581584824,150.95435161121168,5.4375,44.853809375,95.09133916603591,3.7259481900100204,7.740701238412102,27.557568045,58.85907843414842,112.52941874999999,239.74286997247202,76.70875251436783,165.21940295680145,78.85255000000001,171.78130976610544,41.094075000000004,102.35225683771706,16.0,9.0,0.0,0.225,87.0,0.0,16.0,9.0,,0.3478260869565217,0.27705610873838454,71.43534375,151.89519316309287,22.939917535436543,48.436788897327055,1.5681286646766206,1.7643506615898712,0.2805059724341849,0.2502543339694282,0.1839080459770115,0.011494252873563218,0.0625,76.79744540094339,164.74524797851865,0.4573170731707317,0.21120194836806408,2725.7296777990905,6521.674026866827,1.3334417724762941,0.12008569546328281,697.5938610772537,275.7031642746118,1.5479038324042453,-0.6397336726972835,3.0,0.6977749993180057,0.4236080329697643,0.00101614553569091,818.0,MLPClassifier,uncertainty_sampling,0.9871794871794872
29.0,0.1513847959617522,0.217066514719518,1.1403827550168053,0.7944911088741922,0.1951219512195122,0.0,20.24390243902439,1.57782942489613,0.30119576685900895,0.2927503374396749,338.38255932110053,2147.0037272304107,2857.3015578858854,11036.186865889184,71.80940804142554,157.7274929629824,66.6389545541402,150.45941034135416,5.125,45.605315625,96.63932605761784,5.034879992304544,10.981272964112687,28.347247136249997,60.97752663401989,112.52941874999999,239.74286997247202,76.70427782012194,165.31757889257275,79.697875,173.56168679721242,41.094075000000004,102.35225683771706,16.0,9.0,0.0,0.225,82.0,0.0,16.0,9.0,,0.34782608695652173,0.27792203561156675,71.43534375,151.89519316309287,23.458247604778848,49.60658211378832,1.6867680589855822,2.027345844445056,0.28034312665891614,0.2500240663630534,0.1951219512195122,0.012195121951219513,0.0625,76.71427549999999,164.6073001594132,0.4573170731707317,0.21254168002078783,2857.3015578858844,6842.952069612944,1.3150325468628796,0.13038078750790646,864.3300145937983,273.6008014709556,1.538968893138693,-0.6555918521932973,3.0,0.7268964638965683,0.39852870214020614,0.001495289524247775,818.0,MLPClassifier,uncertainty_sampling,0.9871794871794872
30.0,0.13820842410986092,0.20014094495902618,1.136001619302873,0.8043049789866878,0.2077922077922078,0.0,18.899350649350648,1.49492548455586,0.3015887365945589,0.29627157042647234,358.3270303458864,2275.002679241359,3021.0042015126005,11690.334937379232,71.2402526047874,156.68040313371463,65.99847649965466,149.2522734899175,4.8125,46.01263125,97.88120373910215,7.807755287550423,19.076026990309927,38.13811514625,84.99639387314872,112.52941874999999,239.74286997247202,76.32705511363638,164.6201442089637,79.29152500000001,172.76163820731537,41.094075000000004,102.35225683771706,16.0,9.0,0.0,0.24166666666666667,77.0,0.0,16.0,9.0,,0.34782608695652173,0.27847193847261154,71.43534375,151.89519316309287,24.079772693860043,51.02855408258802,1.9019721540750878,2.4957289425519353,0.2801019643124906,0.2498292293627666,0.2077922077922078,0.012987012987012988,0.0625,75.97886595744681,163.13888365905615,0.4573170731707317,0.21306816149631505,3021.0042015126023,7244.960226746624,1.2902610467269027,0.1400356392335738,936.4190060571509,274.3248589300608,1.5165709608713067,-0.676851257371974,4.0,0.7547859979096975,0.35734072302159114,0.002676905842673979,818.0,MLPClassifier,margin_sampling,0.9871794871794872
31.0,0.21833919243966304,0.24737900336710494,1.1301785707407834,0.814694593606729,0.2222222222222222,0.0,17.708333333333332,1.5083394936714394,,,365.22754306402277,2318.92170786061,3083.8524424221523,11933.2219894357,71.65241291260365,157.51438198224997,66.3214479604796,149.91175395012087,4.5,46.0285375,97.75039248888041,,,39.252655063125,87.4209142807205,112.46691874999999,239.77401191914916,76.79378472222223,165.5961548738042,79.291515625,172.89404527581215,41.094075000000004,102.35225683771706,16.0,8.0,0.0,0.225,72.0,1.0,16.0,8.0,,0.35555555555555557,0.2772785918682103,71.37284375,151.9263097202718,24.302114536332976,51.570117150511166,,,0.3116204055561844,0.3044891961208294,0.2222222222222222,0.013888888888888888,0.0625,76.50466434659091,164.18785673517607,0.4627659574468085,0.21058385632162036,3083.852442422152,7412.566944568794,1.2718076939428957,0.14616856752386115,907.9680895990297,274.3971499150842,1.508930581684114,-0.6817601195124814,4.0,0.763050613151668,0.34587050517416673,0.002676905842673979,818.0,MLPClassifier,margin_sampling,0.9871794871794872
32.0,0.18612258556957742,0.2250664444576263,1.1262368407922765,0.811954535775467,0.23880597014925373,0.0,16.65671641791045,1.6609290372702803,,,350.26851108348586,2218.3722651293156,2968.194940843133,11450.278588489284,73.88046228364794,161.9679261122504,68.40510228887194,154.1093323892551,4.1875,45.418953125,96.49514384641932,,,29.508697443750002,63.28668157891455,112.46691874999999,239.77401191914916,78.85067658582089,169.88471714250772,79.97979375,174.026422744174,41.156575000000004,102.32709531908284,16.0,8.0,0.0,0.21666666666666667,67.0,1.0,16.0,8.0,,0.3555555555555556,0.27825258524174545,71.31034375,151.9367712714293,23.82156354901091,50.60411631134176,,,0.31121566980941984,0.3044671314286963,0.23880597014925373,0.014925373134328358,0.0625,79.47760045731707,170.3669371527669,0.4627659574468085,0.2144169792305637,2968.194940843133,7145.853336265466,1.2750986938438142,0.1616315615609868,783.7459755465833,273.6870690965102,1.543613555515357,-0.6525009019001673,4.0,0.7547760424844633,0.3478601397565176,0.002676905842673979,818.0,MLPClassifier,margin_sampling,0.9871794871794872
33.0,0.18310727890280598,0.2089592517387296,0.9456975987176383,0.6148671569110185,0.25806451612903225,0.0,15.46774193548387,1.5528489622381378,,,357.01714577035534,2230.735746355132,2980.4538853924973,11514.472159411554,75.36468543999844,164.6274644058228,69.64039363788561,156.38573477875698,3.875,45.7944171875,97.65581340766265,,,22.784379043125,47.987657916300236,112.46691874999999,239.77401191914916,80.36333508064516,172.73132726572246,86.950928125,183.83189776980487,41.156575000000004,102.32709531908284,16.0,8.0,0.0,0.23333333333333334,62.0,1.0,16.0,8.0,,0.42105263157894735,0.28153886386843124,71.31034375,151.9367712714293,23.803507740160555,50.742191829223536,,,0.31099332542193037,0.3041768058582298,0.25806451612903225,0.016129032258064516,0.0625,81.64553421052631,174.41514793316486,0.4896142433234421,0.20845671310947692,2980.453885392496,7182.497381841249,1.2515855125903443,0.1586625074507182,615.7110412894122,317.2741583886472,1.3427310334657625,-0.6981414517603984,2.0,0.7370990489212056,0.3494786141184099,0.0015795642544549047,818.0,MLPClassifier,margin_sampling,0.9743589743589743
34.0,0.2708019888969657,0.2715623145545961,0.9390764646528595,0.6259055609486839,0.2807017543859649,0.0,13.982456140350877,1.3974303978345326,,,388.50227730712413,2430.6443943319973,3228.5046015592375,12519.184636329499,75.16957177507979,164.18047656617358,69.07531080948851,155.36621757305124,3.5625,46.26275,98.41398205876371,,,29.700990663749998,70.31645353319101,112.40441874999999,239.80513244640454,80.57769846491229,173.0091747671477,88.17051875,186.10735409429768,41.156575000000004,102.32709531908284,16.0,7.0,0.0,0.24166666666666667,57.0,2.0,16.0,6.0,,0.43243243243243246,0.27755350183407895,71.24784375,151.9678244790213,24.750391453360606,52.8234566529141,,,0.3425827810567113,0.34743139919053617,0.2807017543859649,0.017543859649122806,0.0625,81.91040089285715,174.55784882879988,0.493730407523511,0.21300651965939618,3228.504601559238,7782.946904783267,1.2245315528810221,0.18289352745163262,772.2532390652377,273.4473314052277,1.523052687513259,-0.6491863544731064,4.0,0.7634868066529998,0.34569310432742684,0.0030723325193854193,818.0,MLPClassifier,uncertainty_sampling,0.9871794871794872
35.0,0.20924793511865494,0.2132265575606593,0.9254531028498637,0.650887585405941,0.3076923076923077,0.0,13.129807692307692,1.5267150309805757,,,336.0876741410435,2100.6616235727142,2818.7542691681792,10889.359250503634,79.45948919754392,172.25516481044858,74.57546343683131,164.33921192456535,3.25,46.028815625,97.8582957054361,,,18.006380857499998,36.99666859272472,112.34191874999999,239.8362315625761,83.81908365384615,179.7340101271147,89.57844374999999,189.1183336071227,46.6039625,109.66675617264559,16.0,6.0,0.0,0.24166666666666667,52.0,3.0,16.0,5.0,,0.4444444444444444,0.27400699752966035,65.73795625,139.80879790309316,23.16361008510435,49.33911429545186,,,0.37431211024420363,0.3830087503410398,0.3076923076923077,0.019230769230769232,0.0625,86.1989791015625,183.7860702319734,0.4975124378109453,0.20323525922670346,2818.754269168181,6837.745867661733,1.1642640687956443,0.1877132902420571,965.11490790227,268.02402393656126,1.554274851489796,-0.6290250881320683,5.0,0.7737176435199657,0.33799917831951354,0.005289301995523641,818.0,MLPClassifier,consensus_entropy_sampling,0.9871794871794872
36.0,0.2421463939149432,0.2320471353085062,0.9221233625535499,0.6524827326037649,0.3404255319148936,0.0,12.335106382978724,1.8849566046676276,,,292.7774263864613,1790.2745869214264,2442.8532367564894,9353.51992326281,83.34736338670047,180.32322602784686,78.5777367619217,172.73605814755769,2.9375,24.247653125,51.86080431408827,,,14.290540477499999,30.75220001362518,112.34191874999999,239.8362315625761,87.23095079787234,186.88457666467448,95.18225000000001,201.86389024554472,46.6039625,109.66675617264559,16.0,6.0,0.0,0.2833333333333333,47.0,3.0,16.0,8.0,,0.4444444444444444,0.2753903018403889,65.73795625,139.80879790309316,21.627200835954596,45.8998030003938,,,0.3739323850231332,0.3828588959541182,0.3404255319148936,0.02127659574468085,0.0625,91.4655198275862,194.90278277515407,0.4975124378109453,0.20628881951690328,2442.8532367564903,5938.253268436828,1.1687261084198521,0.2151043364450165,702.9434709513438,269.2268881014354,1.5635390980892674,-0.5946220798231913,5.0,0.7593208562448883,0.3416015347735453,0.005289301995523641,818.0,MLPClassifier,uncertainty_batch_sampling,0.9743589743589743
37.0,0.2632475558585653,0.22621281837471596,0.9214268673042245,0.6534484921696925,0.38095238095238093,0.0,10.880952380952381,1.7597620536544132,,,304.04074190800844,1864.4574546387887,2522.970389710546,9692.10158433841,82.31744085970166,177.71894688268276,77.43241977099059,169.90983418355196,2.625,23.8241890625,51.03840753727201,,,12.946095631875,27.674218452516207,112.09154375,239.42323411170705,86.33086458333332,184.5691132247732,95.024971875,201.274647710699,46.6664625,109.64053104470004,16.0,6.0,0.0,0.2583333333333333,42.0,3.0,16.0,9.0,,0.4444444444444444,0.2758501304343382,65.42508125,139.48598388415098,21.970178499929403,46.65083517813913,,,0.3740040281528042,0.38212229194499053,0.38095238095238093,0.023809523809523808,0.0625,90.17552235576923,191.5581523378012,0.4975124378109453,0.20103622292850226,2522.970389710545,6107.5403151721275,1.156117302298225,0.22383971163259953,716.8613284563802,268.47852683622955,1.5457426533567329,-0.6010396903242511,5.0,0.7740047223688155,0.32032883474272794,0.011102421281909183,818.0,MLPClassifier,uncertainty_sampling,0.9871794871794872
38.0,0.25800293908581506,0.24609888519931708,0.9062406889096672,0.6702145495754868,0.43243243243243246,0.0,9.64864864864865,1.7882326193481934,,,345.96546891863665,2121.3720722680946,2842.3208167137877,10992.161089521425,81.99157141945416,177.44078710347094,76.69257730260887,168.85580733503278,2.3125,25.71731875,55.459892608854055,,,13.643709896249998,33.70002160037438,112.09154375,239.42323411170705,86.44896807432431,185.12638945951846,96.68315,204.30371160509705,46.6664625,109.64053104470004,16.0,6.0,0.0,0.26666666666666666,37.0,3.0,16.0,8.0,,0.4444444444444444,0.2804599942728697,65.42508125,139.48598388415098,23.26021010807358,49.54495270564768,,,0.37397844182566403,0.3813042850524181,0.43243243243243246,0.02702702702702703,0.0625,90.37121820652175,192.27723878088247,0.4975124378109453,0.22290226319165246,2842.320816713789,6892.680863466133,1.073348744390262,0.2585559312302215,523.5077823361452,312.9888251611262,1.2539638906471224,-0.7100913969709506,3.0,0.7804839439419072,0.2810294468100858,0.006334909154385017,818.0,MLPClassifier,max_disagreement_sampling,0.9871794871794872
39.0,0.27727812630050724,0.2705568340263446,0.9025379157904712,0.6779711946753655,0.5,0.0,8.1171875,1.5090244325070505,,,380.7771833498103,2332.652494626076,3102.6476406333572,12052.24189443489,80.80407871223318,174.8256965410285,75.15481867746064,165.7175553975642,2.0,47.907221875000005,102.4486592157843,,,15.831068439374999,42.39996728353964,111.77891875,238.95174557759066,85.6661298828125,183.21636005327582,96.77585625,204.39265263821324,46.6664625,109.64053104470004,16.0,6.0,0.0,0.26666666666666666,32.0,3.0,16.0,5.0,,0.4444444444444444,0.28111217963596413,65.11245625,138.87429380647797,24.287705476385838,51.771343458977476,,,0.3733903832541208,0.38078982224566,0.5,0.03125,0.0625,89.256659375,189.45928027150612,0.4975124378109453,0.22714727239906035,3102.647640633359,7523.423040877639,1.0317887250021722,0.23796683787899306,192.4232553291335,455.85933388866533,0.5941300227248385,-0.9065732177556034,1.0,0.7934304254783071,0.2417220954918332,0.0033179371892198676,818.0,MLPClassifier,max_disagreement_sampling,0.9358974358974359
40.0,0.33191648057979195,0.25937098339223513,0.8949105902676135,0.6921849530045383,0.5925925925925926,0.0,6.777777777777778,1.2214692707911974,,,393.9985216594337,2406.0708904838325,3196.909376146342,12437.543814654671,80.25583485689555,173.87826389502257,74.67386259799258,164.7830547793385,1.6875,49.61441875,106.35693598825901,,,16.99108711125,46.31098856997251,111.71621875,238.98287956362122,85.1789699074074,182.37463475308556,96.80718125,204.50135714616735,46.6664625,109.64053104470004,16.0,5.0,0.0,0.2833333333333333,27.0,4.0,16.0,3.0,,0.45714285714285713,0.27554554898182226,65.04975625,138.9053917774587,24.650224057701614,52.553726972704276,,,0.4045483299595142,0.4113456626347753,0.5925925925925926,0.037037037037037035,0.0625,88.3733518382353,187.8853845358075,0.5008787346221442,0.2281207774372761,3196.909376146341,7768.770493701262,1.0177533229754265,0.21408014625466606,167.68173860343583,455.60198918090464,0.6076934238709566,-0.906810457506603,1.0,0.7924325227446835,0.24004366462212465,0.004518506566898109,818.0,MLPClassifier,consensus_entropy_sampling,0.9743589743589743
41.0,0.25546110550304946,0.24418568776328797,0.6089871230272303,0.46774910116234447,0.7272727272727273,0.0,6.386363636363637,1.2989860348035767,,,274.65149107758765,1669.224878075573,2288.523130481397,8728.609766302878,88.31273204463794,191.45229021013654,82.77985868047156,182.83041411306937,1.375,17.1585015625,39.473497392250906,,,11.228730554999999,27.5054500735585,111.65371875,239.01389371126584,92.24859289772726,197.92638747896103,97.246803125,206.3356226926949,46.668375,109.63968398188373,16.0,4.0,0.0,0.23333333333333334,22.0,5.0,16.0,7.0,,0.5925925925925926,0.2603488910179422,64.98534375,138.93730117133157,21.00574011434708,44.38957250201788,,,0.43569775132275135,0.43746360266172973,0.7272727272727273,0.045454545454545456,0.0625,97.83484910714286,208.68488136902226,0.4852941176470588,0.23024884020981326,2288.523130481398,5547.270907032452,0.9274973048852625,0.25256237720767577,517.9892538949339,276.02319223851936,1.3602004776066163,-0.594868003388248,5.0,0.7646076084589719,0.16173112391716793,,818.0,MLPClassifier,margin_sampling,0.9871794871794872
42.0,0.35928718618568806,0.2780673047957959,0.6182284249976611,0.4646590787783396,0.9411764705882353,0.0,4.544117647058823,0.8568897888842635,,,361.47918222790963,2191.579692307977,2935.624983908079,11378.488715070482,87.09835970233038,189.64625677519942,80.8162475931286,179.59516619429294,1.0625,15.095156249999999,37.92035410453457,,,14.953040287499999,41.48017430412829,111.65371875,239.01389371126584,91.85016875,197.74868271270887,97.43549999999999,207.97302564377267,46.730875,109.61402139772387,16.0,4.0,0.0,0.26666666666666666,17.0,6.0,16.0,7.0,,0.5925925925925926,0.25480525682363314,64.92284375,138.94663556898368,23.6300607527653,50.35601480370159,,,0.4351376488095238,0.4359796932512041,0.9411764705882353,0.058823529411764705,0.0625,98.75988636363635,211.76772851821374,0.4852941176470588,0.2849651777764099,2935.6249839080792,7153.4179495737335,0.9111582604963959,0.2664377647973319,72.27563594387524,503.57454477893145,0.4659992569610426,-0.9055320904497094,2.0,0.7907640881029611,0.17446949048680796,0.01966066103948956,818.0,MLPClassifier,max_disagreement_sampling,0.9743589743589743
43.0,0.469467366144648,0.39702996020647086,0.617194837275695,0.45877185723846026,1.3333333333333333,0.0,3.0,0.6238626014232184,,,498.7212486087753,3024.437337826161,3958.1122129683486,15603.39591213595,82.75425911202751,181.84296553504004,75.88189483588997,170.62240364868174,0.75,40.4717046875,88.48377428192,,,14.1625920975,38.888769754304164,111.65371875,239.01389371126584,88.68264010416667,192.0720923553765,101.038484375,217.19362264487702,46.730875,109.61402139772387,16.0,4.0,0.0,0.2916666666666667,12.0,6.0,16.0,3.0,,0.5925925925925926,0.2566772114606026,64.92284375,138.94663556898368,27.25153924731294,58.56475228094578,,,0.4348484848484848,0.4324317809540175,1.3333333333333333,0.08333333333333333,0.0625,93.44330078125,201.9450595249664,0.4852941176470588,0.332145491854792,3958.112212968348,9713.417934876037,0.866601592400225,0.47854434359063974,69.07979551841348,479.36804187167434,0.6365141682948128,-0.8794328901676705,2.0,0.7606162709293979,0.3294096071644373,0.02095514539707508,818.0,MLPClassifier,uncertainty_sampling,0.9871794871794872
44.0,0.5,0.0,0.0,0.0,2.2857142857142856,0.0,2.2142857142857144,0.6720393625092987,,,13.119244271234125,72.0904860402325,210.50390418104163,804.7854260135333,105.71583676343113,231.15905181633025,105.39937002581594,230.86282632012222,0.4375,4.947346875,12.47368157716436,,,2.5973854725,5.004270039703124,111.52871875,239.0758576519601,106.17292857142857,231.3684483247036,107.52680624999999,236.28949872717993,96.55979375,208.70933002986544,16.0,2.0,0.0,0.2916666666666667,7.0,8.0,16.0,8.0,,1.0,0.0,14.968925,38.150587892918935,5.400455383634684,13.907848559444425,,,0.5177083333333333,0.45485930873264624,2.2857142857142856,0.14285714285714285,0.0625,107.0243975,234.52379956347778,0.0,0.0,210.5039041810417,749.9773839144808,0.8869205344395269,0.7056755416974383,22.261840300968874,139.40012792453805,0.410116318288409,-0.9194183681161325,2.0,0.6414152520548813,0.1628871271903987,,818.0,MLPClassifier,consensus_entropy_sampling,1.0
