,attr_conc.mean,attr_conc.sd,attr_ent.mean,attr_ent.sd,attr_to_inst,cat_to_num,cohesiveness.mean,cohesiveness.sd,cor.mean,cor.sd,cov.mean,cov.sd,eigenvalues.mean,eigenvalues.sd,g_mean.mean,g_mean.sd,h_mean.mean,h_mean.sd,inst_to_attr,iq_range.mean,iq_range.sd,kurtosis.mean,kurtosis.sd,mad.mean,mad.sd,max.mean,max.sd,mean.mean,mean.sd,median.mean,median.sd,min.mean,min.sd,nr_attr,nr_bin,nr_cat,nr_cor_attr,nr_inst,nr_norm,nr_num,nr_outliers,num_to_cat,one_itemset.mean,one_itemset.sd,range.mean,range.sd,sd.mean,sd.sd,skewness.mean,skewness.sd,sparsity.mean,sparsity.sd,t2,t3,t4,t_mean.mean,t_mean.sd,two_itemset.mean,two_itemset.sd,var.mean,var.sd,wg_dist.mean,wg_dist.sd,ch,int,nre,pb,sc,sil,vdb,vdu,dataset_id,query_number,estimator,best_strategy,best_score
0,0.01271812033626465,0.005615234559751509,2.746133325841864,0.273402990542731,0.05,0.0,85.3975,6.692344736351784,0.03168843983786579,0.07382532375690005,3.9133854343086782,48.191676187712034,1355.7376457370042,5456.17752948056,13.555926551740274,45.676756803578094,5.3208773314871936,17.00760494666692,20.0,18.5201344875,62.58441516324617,-1.216311265726791,0.06827629571083774,13.804173436305003,46.62315842055588,36.9984281,124.95225689841617,18.427701510374998,62.32077082942372,18.397542350000002,62.55400263942535,0.1515418,0.3656851458944602,20.0,0.0,0.0,0.005263157894736842,400.0,0.0,20.0,0.0,,0.14705882352941177,0.028146248932602633,36.8468863,124.6952105454223,10.708318314008968,36.144003864991056,0.008809188679459385,0.0333976255715574,0.01674292817941413,0.07412779467193566,0.05,0.005,0.1,18.418345679375,62.46162838160817,0.2510822510822511,0.03168710176428559,1355.737645737004,5451.913669120528,1.799959122853636,0.0874683944104004,824.8726409180002,281.74222870258905,0.6929471672244782,-0.68757005242712,0.0,0.5402739705606725,0.6465868569416962,8.226661403293528e-07,1467.0,0.0,RandomForestClassifier,uncertainty_sampling,0.47876447876447875
0,0.028135053720322045,0.12113394882977059,2.746136207078323,0.2734847268582331,0.05063291139240506,0.0,84.52911392405063,6.563551620332941,0.03216124958208014,0.07405190122051283,3.933728830573353,48.48924928953265,1349.923053875369,5428.291953693807,13.453596526286882,45.244501238376856,5.275985374410525,16.843413018106908,19.75,18.443795575,62.22874020232677,-1.2119890110952083,0.0673219386519326,13.654415454330001,45.995368638280674,36.9984281,124.95225689841617,18.317823172531643,61.84257992809938,18.222943049999998,61.80900039675631,0.1515418,0.3656851458944602,20.0,0.0,0.0,0.005263157894736842,395.0,0.0,20.0,0.0,,0.14705882352941177,0.0281566179186393,36.8468863,124.6952105454223,10.692436665952872,36.06419498645445,0.01154337763983435,0.033265887160989535,0.016740294786745026,0.07412335636805972,0.05063291139240506,0.005063291139240506,0.1,18.260159789029537,61.779164947169406,0.2510822510822511,0.03174485929311927,1349.9230538753695,5423.953115547584,1.7976398482877916,0.08733969263882956,804.0369531393891,280.63723433970756,0.693118338750855,-0.6836174823363312,0.0,0.5376027897885243,0.6510022606011674,8.43336143855216e-07,1467.0,1.0,RandomForestClassifier,uncertainty_sampling,0.47876447876447875
0,0.027665005834851354,0.12119638959287878,2.746129328717713,0.2735187884341985,0.05128205128205128,0.0,83.63782051282051,6.408591677910185,0.03181300625326413,0.07436286065607,3.921019897086686,48.48270665464738,1357.5444045470422,5467.570758683853,13.427866689307333,45.11663787912333,5.246260682251888,16.719740492303384,19.5,18.4673576,62.411298832023085,-1.2084893306064963,0.06788955927633705,13.72753713807,46.30967587317004,36.998195499999994,124.95232744773627,18.30958908564103,61.82015948238405,18.271370999999995,62.022203142552165,0.1515418,0.3656851458944602,20.0,0.0,0.0,0.005263157894736842,390.0,0.0,20.0,0.0,,0.14705882352941171,0.02816543769001755,36.846653700000005,124.69528094388643,10.70809382205271,36.17037361745772,0.01481663785731147,0.034218887774438336,0.016739221352526843,0.07411849036197957,0.05128205128205128,0.005128205128205128,0.1,18.2467530232906,61.73910408143916,0.251082251082251,0.03176872382058612,1357.5444045470413,5463.264453154661,1.7952996181605205,0.08671902630971878,802.9718515595723,281.7381650272864,0.6930945826620853,-0.6861110561778757,0.0,0.5399449110406819,0.6468492163576139,8.651398688863745e-07,1467.0,2.0,RandomForestClassifier,uncertainty_sampling,0.47876447876447875
0,0.030363769044013642,0.12078553294487164,2.7461988335860044,0.2734662688303108,0.05194805194805195,0.0,82.55909090909091,6.331300526661289,0.03221949981189648,0.07432730218839743,3.8222697183982333,47.10593698243395,1364.143002305457,5496.215626018157,13.406311127693996,45.09625678454028,5.209447838805347,16.604016103439587,19.25,18.567583449999997,62.835625854221746,-1.2087958693224166,0.06898218833497716,13.80160227432,46.62393868001841,36.998195499999994,124.95232744773627,18.30941535181818,61.88685111010142,18.271838400000004,62.17800742192135,0.1515418,0.3656851458944602,20.0,0.0,0.0,0.005263157894736842,385.0,0.0,20.0,0.0,,0.14705882352941171,0.02811931202846046,36.846653700000005,124.69528094388643,10.729752093986423,36.25952393665264,0.01381926907543741,0.03652283421042292,0.016738096507573037,0.07411350215635427,0.05194805194805195,0.005194805194805195,0.1,18.238713481818188,61.805043855932695,0.2510822510822511,0.031803225893495095,1364.1430023054577,5492.1715379716625,1.7950697281255699,0.08687923164847713,795.0371795745815,282.52366007210304,0.6930628469360363,-0.6869295716587612,0.0,0.540253440529446,0.6453867822276638,8.878133051262847e-07,1467.0,3.0,RandomForestClassifier,uncertainty_sampling,0.47876447876447875
0,0.015531162197572055,0.002981436712162977,2.7461160580408204,0.2735629566230223,0.05263157894736842,0.0,81.58618421052631,6.243299039349055,0.03336906232798182,0.07429814629394686,3.846067806800732,47.3504167575167,1377.5844523266828,5556.029401235088,13.38236447970234,44.92924859274191,5.176266813988708,16.468636928010458,19.0,18.779565624999996,63.73865904042786,-1.2094773450683947,0.06745782767497246,13.950620994869999,47.25290369337304,36.99803664999999,124.95237562326493,18.321181530263157,61.86618172053424,18.346460200000003,62.34141141459927,0.1515418,0.3656851458944602,20.0,0.0,0.0,0.005263157894736842,380.0,0.0,20.0,0.0,,0.14705882352941177,0.02817971831691699,36.84649485,124.69532901580725,10.772012916266863,36.44098603522459,0.01403850293568797,0.036599476581646806,0.01673525240568221,0.07410870860226418,0.05263157894736842,0.005263157894736842,0.1,18.24913735767544,61.75555044021923,0.251082251082251,0.03188527579720758,1377.5844523266824,5551.987178463028,1.7935904386373194,0.08699363425602495,800.4862325618924,284.615312629145,0.6930225216402983,-0.6927482261459987,0.0,0.5445732798046472,0.6385808125437454,9.114040329979453e-07,1467.0,4.0,RandomForestClassifier,uncertainty_sampling,0.47876447876447875
0,0.029949321808795136,0.12081594819591425,2.7460964436568083,0.27361300679779915,0.05333333333333334,0.0,80.64266666666667,6.144971496114286,0.0348178578865088,0.07435623769158904,3.7154360742250323,45.44909228830071,1373.4433401883568,5541.781965292397,13.300838447886246,44.551922126383026,5.147827169688701,16.330900928810966,18.75,18.816740050000003,63.89823116395802,-1.209106837241604,0.06624288501012097,13.94974307328,47.25316952836203,36.997994899999995,124.95238828450076,18.227763305866667,61.46500929244759,18.221846000000003,61.80933158302008,0.15160545,0.3656580739011551,20.0,0.0,0.0,0.005263157894736842,375.0,0.0,20.0,0.0,,0.14705882352941177,0.02819806146776442,36.84638945,124.69536091416637,10.751698678121809,36.387451794948724,0.014685207492462004,0.036432304001143355,0.016732332381094193,0.07410378765684181,0.05333333333333334,0.005333333333333333,0.1,18.12435550111111,61.21080200128598,0.2510822510822511,0.03188765113318215,1373.4433401883575,5538.048058244185,1.7915981657507427,0.0869938297806035,789.4307412424016,284.1517962141577,0.692716896619425,-0.6919822431176205,0.0,0.54495234147071,0.6373724420640553,3.5971858969651504e-07,1467.0,5.0,RandomForestClassifier,uncertainty_sampling,0.47876447876447875
0,0.031112312154006384,0.12068274466354156,2.7461364845829426,0.2735655518444573,0.05405405405405406,0.0,79.60472972972973,6.065691195803953,0.03478781302050119,0.07410055694991166,3.941981391369878,48.5607930950302,1368.056126931183,5524.255348856403,13.228227349614894,44.177569770167686,5.236829077771682,16.40361941018431,18.5,18.729186775000002,63.56482467388357,-1.2083776536602273,0.0676483205550009,13.876305669869996,47.0521013784771,36.9978996,124.95241718756304,18.125268674729732,61.03755758081569,18.121757925000004,61.30713282278857,0.15160545,0.3656580739011551,20.0,0.0,0.0,0.005263157894736842,370.0,0.0,20.0,0.0,,0.1470588235294118,0.028169008077469332,36.84629414999999,124.69538975589582,10.725525862350274,36.31759356025148,0.013904900017533662,0.03978636034294064,0.016728966140236116,0.07409882142297541,0.05405405405405406,0.005405405405405406,0.1,17.99532271486487,60.6581786639176,0.25108225108225113,0.03191345925834626,1368.0561269311836,5519.979310548557,1.7913339574048217,0.08703301299718309,782.37508026906,283.67849643036453,0.693015691962575,-0.6930945493651208,0.0,0.5459841771547044,0.6362760996376191,3.692855734650394e-07,1467.0,6.0,RandomForestClassifier,uncertainty_sampling,0.47876447876447875
0,0.014294781974832874,0.006025070046001968,2.746048692451395,0.2737031018375672,0.0547945205479452,0.0,78.7068493150685,5.944001299378382,0.03479565877411845,0.07414477963835625,3.7296936431223355,45.69695953035493,1365.0383953058347,5508.906320432987,13.201221725041128,43.989041239648536,5.219858628391315,16.3036653410326,18.25,18.715053200000003,63.4735719308591,-1.2074278438516217,0.06665957380242045,13.874959913849997,46.93865403226517,36.9978943,124.95241879482936,18.099332997534244,60.858859136476084,18.122356949999997,61.23028302722129,0.15160545,0.3656580739011551,20.0,0.0,0.0,0.005263157894736842,365.0,0.0,20.0,0.0,,0.14705882352941177,0.028238495066536327,36.84628884999999,124.69539135980443,10.71766626698216,36.276279404989594,0.011186453350975515,0.03954295731953239,0.016725874700012633,0.07409363237778856,0.0547945205479452,0.005479452054794521,0.1,17.97225433630137,60.47199470255345,0.251082251082251,0.032018574953837364,1365.038395305835,5505.109100154855,1.7889379610413583,0.08665511487849586,771.5423499222957,283.38600035360525,0.693053351391456,-0.6933801307491234,0.0,0.5463290355297271,0.6361051248656482,3.794436991495432e-07,1467.0,7.0,RandomForestClassifier,uncertainty_sampling,0.47876447876447875
0,0.031223996297414167,0.12067308111099437,2.7460955315098468,0.27360676531017364,0.05555555555555555,0.0,77.70069444444445,5.866351828712801,0.03447202950867825,0.07404950749164549,2.979464968068366,35.533501233115516,1344.8494758559987,5424.861931837351,13.222326080981892,43.87846123122832,5.328778189896643,16.459192998155455,18.0,18.453193287500003,62.62775352077503,-1.2085187560631518,0.06875588649546857,13.690001968545,46.493689301685606,36.9978943,124.95241879482936,18.058839539166662,60.608273355680616,18.172018024999996,61.214140476959685,0.15160545,0.3656580739011551,20.0,0.0,0.0,0.005263157894736842,360.0,0.0,20.0,0.0,,0.14705882352941171,0.028197983632966758,36.84628884999999,124.69539135980443,10.642018300565717,36.005802490657466,0.009608271711599973,0.04071630569718981,0.016724362793243915,0.07408797483511413,0.05555555555555555,0.005555555555555556,0.1,17.947741941898144,60.28954399224701,0.2510822510822511,0.03199665300485538,1344.8494758559987,5422.52982928273,1.787824031923741,0.08699720255568336,757.0563759059222,281.12404699103047,0.6930854508946892,-0.6921672910609272,0.0,0.545207470022635,0.6378181527238059,4.0393216019905596e-07,1467.0,8.0,RandomForestClassifier,uncertainty_sampling,0.47876447876447875
0,0.01635274447736206,0.004097840599965901,2.746082725381727,0.27370424697799894,0.056338028169014086,0.0,76.72394366197183,5.791480868183419,0.03484039676499234,0.07390478620804773,2.7445862917858803,32.26542128472749,1346.4883886828648,5436.69691997208,13.171948193498688,43.57246472838408,5.330010551381269,16.395986546081414,17.75,18.315786650000003,62.15905349154741,-1.2069105582504167,0.06918425390760966,13.652560944120001,46.45144677583283,36.9978943,124.95241879482936,18.002324433661972,60.31222383587256,18.12197035,60.92708193141078,0.15160545,0.3656580739011551,20.0,0.0,0.0,0.005263157894736842,355.0,0.0,20.0,0.0,,0.14705882352941177,0.02821929294202026,36.84628884999999,124.69539135980443,10.63928461426298,36.030601198361076,0.011061526560550563,0.04581754755992936,0.016721095544452065,0.07408249167775093,0.056338028169014086,0.005633802816901409,0.1,17.859982992957743,59.831948310339214,0.25108225108225113,0.03208455313659706,1346.4883886828648,5434.777933028416,1.7860757960471674,0.08731079353209208,744.5553535119476,281.09246343469687,0.6931432130879259,-0.6904553001414679,0.0,0.5443157196719477,0.6388035054355052,4.153426731990293e-07,1467.0,9.0,RandomForestClassifier,uncertainty_batch_sampling,0.563953488372093
0,0.014759033955348035,0.006004064137251753,2.7461246356065527,0.2737913568691,0.05714285714285714,0.0,75.72928571428571,5.681518780114387,0.035405773997799664,0.07408475151309506,3.3112690856586218,40.10332545226089,1344.5189966574428,5427.989401342888,13.235120751539887,43.79071366126821,5.33377834780019,16.394743603516464,17.5,18.27762655,61.96112494997777,-1.2070827773460289,0.06896438164048745,13.614789596414997,46.178698595990134,36.9978943,124.95241879482936,18.056395328285713,60.497748496515946,18.145491525,61.03331133189778,0.15160545,0.3656580739011551,20.0,0.0,0.0,0.005263157894736842,350.0,0.0,20.0,0.0,,0.14705882352941171,0.0282092198015206,36.84628884999999,124.69539135980443,10.63425465822854,36.00338616416059,0.013584992515660237,0.04605894317150955,0.01671773467821632,0.07407685247239856,0.05714285714285714,0.005714285714285714,0.1,17.917992711190475,60.02648723518316,0.25108225108225113,0.03211851257109338,1344.518996657442,5425.021051486386,1.784737893815592,0.08701469843340075,726.345638797786,280.5209233668885,0.6930002345865878,-0.6871939988805962,0.0,0.5421357835964666,0.6421889402741874,9.77253030938774e-07,1467.0,10.0,RandomForestClassifier,uncertainty_sampling,0.563953488372093
0,0.030413343418159072,0.1209121442474087,2.746072625203319,0.2737121483710455,0.057971014492753624,0.0,74.59710144927536,5.601078877969517,0.03611566866904207,0.07399660057538011,3.1298126682148215,37.38749579917564,1340.1567584952525,5402.001828986647,13.12749823343248,43.334781105950285,5.282475405191785,16.219429929412126,17.25,18.3163928,61.775604175705496,-1.208039298507981,0.07153207341826194,13.726424298509997,46.310014918822546,36.9978943,124.95241879482936,17.95243315188406,60.00998707708039,17.970078300000004,60.14486094009724,0.15160545,0.3656580739011551,20.0,0.0,0.0,0.005263157894736842,345.0,0.0,20.0,0.0,,0.14705882352941177,0.02822675242300444,36.84628884999999,124.69539135980443,10.629950584414878,35.940900452477464,0.013490818325188253,0.04808123331448285,0.016717666258669932,0.07407038599666914,0.057971014492753624,0.005797101449275362,0.1,17.77662875869565,59.35034037590838,0.2510822510822511,0.03216824057640859,1340.1567584952518,5399.409086968933,1.7854286069917173,0.08686366912851848,707.504840955811,279.705548726434,0.693109372900105,-0.6843737293314424,0.0,0.5395952362554292,0.6470747601180502,4.397992290720111e-07,1467.0,11.0,RandomForestClassifier,uncertainty_sampling,0.563953488372093
0,0.014785505839331255,0.003922492840127747,2.534807073605036,0.2240606749760071,0.058823529411764705,0.0,73.51691176470588,5.525149394622694,0.03730030353172405,0.07416683370902055,2.8157415084539457,33.04116435836698,1335.204498157435,5375.299563971292,13.059028091174307,43.04045695291431,5.240786045023908,16.061558089789468,17.0,18.278385100000005,61.391282315269336,-1.2062427956497739,0.07239000990760645,13.614717245534996,45.728081140300624,36.997737699999995,124.95246628858034,17.894533970588235,59.72763237829148,17.844424924999995,59.61804898667772,0.1519924,0.36549457055876605,20.0,0.0,0.0,0.005263157894736842,340.0,0.0,20.0,0.0,,0.17094017094017094,0.026653532770461095,36.84574529999999,124.69555586707601,10.620142630483127,35.87136475131266,0.013841505932672079,0.04995054714889212,0.01671410581517708,0.07406441206371793,0.058823529411764705,0.0058823529411764705,0.1,17.7159588127451,59.0339786147659,0.28362573099415206,0.03059401515502876,1335.2044981574354,5373.264127262244,1.7852052208767575,0.08698958708813911,694.453761226887,279.10768602427123,0.6931471805599453,-0.6838475053978419,0.0,0.5394153446680424,0.6481798885067113,1.0352795430872493e-06,1467.0,12.0,RandomForestClassifier,entropy_sampling,0.563953488372093
0,0.02988315189680324,0.12086167446873605,2.5348088081568525,0.22404022869834292,0.05970149253731343,0.0,72.54402985074627,5.435619537788246,0.03778755116738884,0.07422496364017529,2.4188171548233948,27.59776674731025,1322.5093988120113,5314.865562850246,12.948517919579988,42.5443247399933,5.195327352372038,15.894735609721259,16.75,18.16420215,60.842453097794085,-1.2041084507474362,0.0744638809812457,13.502562447359997,45.14938264569571,36.997737699999995,124.95246628858034,17.767259315970147,59.132729588516284,17.62075155,58.38274552025304,0.1519924,0.36549457055876605,20.0,0.0,0.0,0.005263157894736842,335.0,0.0,20.0,0.0,,0.17094017094017094,0.026648614676023374,36.84574529999999,124.69555586707601,10.584019320312624,35.69590767992822,0.01232126278470667,0.057760521254196756,0.01671043877157965,0.07405826053517799,0.05970149253731343,0.005970149253731343,0.1,17.55393033482587,58.269159777547856,0.28362573099415206,0.030638103982695137,1322.5093988120118,5313.428871768344,1.7833314426170146,0.08708826696076157,673.6497869107801,277.33667603280713,0.693035793042558,-0.6799919576192367,0.0,0.5365118143791087,0.6546081563067607,1.0666516504535296e-06,1467.0,13.0,RandomForestClassifier,max_disagreement_sampling,0.563953488372093
0,0.028638932159547978,0.12106531447338098,2.5347953922114352,0.22429833889973724,0.06060606060606061,0.0,71.45151515151515,5.366100957925707,0.038110916633741686,0.07416897833880932,2.0665721557334407,22.714690464330058,1315.5356859880615,5280.708299866188,12.84887950651331,42.09922282051542,5.148790195713815,15.727733434006986,16.5,18.014995950000003,60.13658020465728,-1.20410421719722,0.07357145810792043,13.428966776400003,44.83702229318014,36.997737699999995,124.95246628858034,17.664889781363634,58.64324870335723,17.369333325,57.33707814212756,0.1519924,0.36549457055876605,20.0,0.0,0.0,0.005263157894736842,330.0,0.0,20.0,0.0,,0.17094017094017097,0.026701180068084106,36.84574529999999,124.69555586707601,10.56550272314821,35.598726148043255,0.014063272927527215,0.06308786210831648,0.016706660267690503,0.07405192337285704,0.06060606060606061,0.006060606060606061,0.1,17.427132329797978,57.64638323624951,0.28362573099415206,0.030719890576906963,1315.5356859880612,5279.7282034105365,1.7836414486638896,0.0873094485122028,659.822980911359,276.57977223968595,0.6926879734424749,-0.6793652589227719,0.0,0.5355562702596526,0.6564777687279109,1.0999845145302024e-06,1467.0,14.0,RandomForestClassifier,uncertainty_batch_sampling,0.563953488372093
0,0.03007667978895294,0.12082270394399035,2.5347546458627166,0.22428752096459653,0.06153846153846154,0.0,70.46076923076923,5.241735428416763,0.038709799674723794,0.0742209017110031,1.5805273847824335,16.041143965102194,1299.7420438402346,5209.024062123199,12.991779926394264,42.74468034279151,5.199755875297425,15.92159834324484,16.25,17.91536955,59.64317473127754,-1.2026118773530339,0.07535323325546454,13.354239955769998,44.52528781915278,36.997737699999995,124.95246628858034,17.74358193815385,59.01407721151683,17.52021,57.96414841085967,0.15266200000000002,0.36521453710719265,20.0,0.0,0.0,0.005263157894736842,325.0,0.0,20.0,0.0,,0.17094017094017094,0.026730861994593378,36.845075699999995,124.69575853992549,10.515101207187062,35.38026048582887,0.009542131955423663,0.06465593565977919,0.01670276514331095,0.07404539204608972,0.06153846153846154,0.006153846153846154,0.1,17.52959326974359,58.11420132963584,0.28362573099415206,0.0308166073683842,1299.7420438402353,5208.527857138218,1.7820568199004398,0.08690059957321082,639.3247929458612,274.32402994525256,0.6929152099598821,-0.6746861267770347,0.0,0.532445008580397,0.6612605754153432,1.133575009290805e-06,1467.0,15.0,RandomForestClassifier,entropy_sampling,0.563953488372093
0,0.014764810613761193,0.005943996287743402,2.534764049493776,0.22424279033484912,0.0625,0.0,69.6328125,5.075897072760656,0.03897677141124998,0.07434412962528616,1.7310654232019556,18.286851910269377,1297.120532908212,5198.213454593424,12.897333752886448,42.36807562937342,5.161403472406415,15.759050645255556,16.0,17.811342949999997,59.188474208847126,-1.1967715116329019,0.075835791144439,13.278175348094999,44.21425054501223,36.997737699999995,124.95246628858034,17.646881286875,58.64035061162298,17.370226350000003,57.33680179476437,0.1528557,0.3651304477272256,20.0,0.0,0.0,0.005263157894736842,320.0,0.0,20.0,0.0,,0.17094017094017086,0.026716607210358814,36.844882,124.69581716124327,10.50473972183184,35.34448481185651,0.011718601820489014,0.06512758908889975,0.016700473292765382,0.07403831527425556,0.0625,0.00625,0.1,17.40122617239583,57.637638536147904,0.28362573099415206,0.030845183806502356,1297.12053290821,5197.567720545126,1.7782806649733565,0.08596871636390775,626.6384877129166,273.9442087274046,0.6926588198060253,-0.6734418122928865,0.0,0.531401764382153,0.6624234949437224,1.169876003723226e-06,1467.0,16.0,RandomForestClassifier,uncertainty_sampling,0.47876447876447875
0,0.015725173125307104,0.003614281253863267,2.5347765047414854,0.22414598817367107,0.06349206349206349,0.0,68.51984126984127,5.0216294878831915,0.03928693369974487,0.07417290617053574,1.6678778915587946,17.355925786823263,1295.8110038363445,5188.774902018921,12.816303628878355,42.03905617906756,5.112525901654192,15.586490599071,15.75,17.786150575,59.04783607445297,-1.1954476932617597,0.08089584268146267,13.13017965861,43.59178668912382,36.997737699999995,124.95246628858034,17.580628773968254,58.347237158493726,17.319531799999996,57.1281224829414,0.15301535000000002,0.3650626709121362,20.0,0.0,0.0,0.005263157894736842,315.0,0.0,20.0,0.0,,0.17094017094017094,0.026689903683909715,36.84472235,124.69586548218113,10.505851521236483,35.324631150904466,0.01426280587724985,0.06722295682303575,0.01669632821281379,0.07403136669665739,0.06349206349206349,0.006349206349206349,0.1,17.319768008994707,57.27672739520658,0.28362573099415206,0.030871273963224033,1295.8110038363448,5188.192025408974,1.7785234650164803,0.08657410480356349,610.1140876681258,273.44936056516497,0.6925373312061528,-0.6701990051749209,0.0,0.529292959885459,0.6654976021417853,1.2076032771723242e-06,1467.0,17.0,RandomForestClassifier,uncertainty_batch_sampling,0.563953488372093
0,0.01459140506083108,0.005874709650756414,2.5347929213585694,0.22405350294990434,0.06451612903225806,0.0,67.55806451612904,4.925471603168934,0.03915800824068549,0.07429090296946751,1.0907704144979025,9.7525920606359,1288.0545116078513,5161.32229464095,12.772696042041842,41.68017926183462,5.183913835245286,15.6787894247609,15.5,17.71079995,58.985125007762896,-1.1944153236951065,0.08239239147051057,13.166978420715001,43.85432375965027,36.997737699999995,124.95246628858034,17.49243292322581,57.89682267359088,17.144529025000004,56.26006508919218,0.15301535000000002,0.3650626709121362,20.0,0.0,0.0,0.005263157894736842,310.0,0.0,20.0,0.0,,0.17094017094017097,0.026662981589924518,36.84472235,124.69586548218113,10.468864273856296,35.22046941352244,0.016767689026922418,0.06959891609039134,0.01669204898787994,0.07402419496820196,0.06451612903225806,0.0064516129032258064,0.1,17.206373014516128,56.71058461622309,0.28362573099415206,0.030900664740803673,1288.0545116078506,5161.136675618844,1.7764570842938647,0.08666590682288303,604.2300840270163,272.95048327550757,0.6918146426792678,-0.6719204923056116,0.0,0.5310543947109299,0.6627569943549566,1.2486782185727433e-06,1467.0,18.0,RandomForestClassifier,uncertainty_sampling,0.47876447876447875
0,0.031473148430320695,0.12064725150683404,2.5348063855586225,0.2241089780160362,0.06557377049180328,0.0,66.68196721311476,4.785154131761166,0.040373921706298825,0.07421796335077666,0.9044065477953406,7.226900465336896,1268.8020161895713,5078.973665482592,12.653954128456709,41.15393993591096,5.146238599953552,15.529611942043342,15.25,17.5593886,58.46380323367035,-1.1894475736074235,0.08476749751154895,13.05499412154,43.494686120433826,36.997737699999995,124.95246628858034,17.334430031311477,57.22102441040142,17.0169988,55.74119523006162,0.15301535000000002,0.3650626709121362,20.0,0.0,0.0,0.005263157894736842,305.0,0.0,20.0,0.0,,0.17094017094017094,0.02666020745110815,36.84472235,124.69586548218113,10.399763484116548,34.95330623114829,0.02165992936670202,0.07375264002876972,0.016689375064881138,0.07401644005976443,0.06557377049180328,0.006557377049180328,0.1,17.021641444808743,55.92754151715076,0.28362573099415206,0.030980507372764574,1268.802016189572,5078.8697631981695,1.7728215295354544,0.08589891405117336,587.9639073419311,270.68955851086054,0.6912055850178609,-0.6692500554920914,0.0,0.5290422834945683,0.6653571366235062,1.2915297761901712e-06,1467.0,19.0,RandomForestClassifier,entropy_sampling,0.563953488372093
0,0.030325168846939112,0.12086122956558158,2.5348452057780717,0.22406389023861975,0.06666666666666667,0.0,65.6775,4.706226973321061,0.041337288048836386,0.07457418687178614,1.0678032741187975,9.345809572614007,1238.28263719427,4941.410409224561,12.490781901453696,40.52440353682902,5.084931640604173,15.330344903733522,15.0,17.458894675000003,57.82923326201743,-1.1877481708719964,0.09306461624049185,12.943369686449998,42.92123480415036,36.9975068,124.9525363151161,17.125589450833335,56.37528557320424,16.79172295,54.80784953198643,0.15301535000000002,0.3650626709121362,20.0,0.0,0.0,0.005263157894736842,300.0,0.0,20.0,0.0,,0.17094017094017097,0.02662297481674677,36.84449145,124.69593536249191,10.300811537380977,34.52193686805123,0.02275213082976952,0.07488612961761124,0.01668657429526995,0.07400843349386303,0.06666666666666667,0.006666666666666667,0.1,16.808914053055556,55.05967418262539,0.28362573099415206,0.031014573746107582,1238.2826371942701,4941.232269313656,1.7712031720517796,0.08604231071521408,566.7645307016065,266.9221631763604,0.6909233093138181,-0.6646344133434821,0.0,0.5257137629252523,0.6706287420743708,2.127658572273275e-06,1467.0,20.0,RandomForestClassifier,uncertainty_sampling,0.47876447876447875
0,0.032105427279681534,0.12058280331313796,2.5347282004186846,0.22404673937358596,0.06779661016949153,0.0,64.61016949152543,4.6336610360518655,0.041749266053051036,0.07471909173172289,1.1854805066083753,10.852909267653997,1239.2496280749933,4944.3302853767755,12.506237704094534,40.521244661917365,5.06625641228696,15.266293193896445,14.75,17.40915695,57.690816250569554,-1.1885050197994285,0.09411447185104667,12.90687926808,42.87179498551184,36.9975068,124.9525363151161,17.140918200677966,56.342559793830446,16.766371499999998,54.57147208793496,0.15301535000000002,0.3650626709121362,20.0,0.0,0.0,0.005263157894736842,295.0,0.0,20.0,0.0,,0.17094017094017094,0.026711274900695418,36.84449145,124.69593536249191,10.306119737696566,34.53500930066634,0.02222853286305443,0.07747257703448703,0.016685449280113653,0.073999800673297,0.06779661016949153,0.006779661016949152,0.1,16.822112679943505,54.96493308875905,0.28362573099415206,0.031187334766126198,1239.2496280749933,4944.090467346879,1.7705110742427184,0.08618832487421725,561.0744080214162,267.2633080161261,0.6910716275554856,-0.6669333827730302,0.0,0.5279652492612427,0.6689664160870707,2.1839542737164364e-06,1467.0,21.0,RandomForestClassifier,uncertainty_sampling,0.563953488372093
0,0.03226639047745234,0.1205750900515194,2.534779035457909,0.2240967128475424,0.06896551724137931,0.0,63.53534482758621,4.576027865141449,0.04168599531414192,0.07495827026638525,0.860687502393841,6.881088801884197,1212.4936573748544,4827.0654023311445,12.386402372640735,39.96633192202193,5.053284744874792,15.17946027757644,14.5,17.197222775,56.73130820436105,-1.1852394851422594,0.09704059055801349,12.721642038,42.0949360232169,36.897453999999996,124.52889247212013,16.96495739741379,55.56992058901041,16.5910106,53.71959464719223,0.15301535000000002,0.3650626709121362,20.0,0.0,0.0,0.005263157894736842,290.0,0.0,20.0,0.0,,0.17094017094017086,0.02668072588925687,36.74443864999999,124.27213412685032,10.213097272485703,34.154236871758826,0.022620378074359817,0.08401302805946101,0.016682394883086926,0.07399124699571186,0.06896551724137931,0.006896551724137931,0.1,16.63123350948276,54.118115037048526,0.28362573099415206,0.031231066137756492,1212.4936573748541,4826.966291492659,1.770030120726454,0.08683428587771226,541.7581174921075,264.16704113981376,0.6897187661074935,-0.6634320402118128,0.0,0.5252456634722837,0.674048040495166,2.2660578178411147e-06,1467.0,22.0,RandomForestClassifier,uncertainty_batch_sampling,0.563953488372093
0,0.01749176045229536,0.0046211074022369306,2.5347246738429945,0.22426276543253004,0.07017543859649122,0.0,62.55,4.483982153254429,0.04251152282158394,0.07510591156444067,1.406737043374281,14.013019661543684,1205.0736319949315,4791.460376237396,12.320155654929673,39.75488381189069,5.000610783775288,15.008883801255493,14.25,17.259068299999996,56.78372656625793,-1.1847789952660235,0.09865375489371216,12.684873928649997,41.73231803294417,36.897453999999996,124.52889247212013,16.90432791473684,55.36628828035782,16.46784765,53.333766672770665,0.15301535000000002,0.3650626709121362,20.0,0.0,0.0,0.005263157894736842,285.0,0.0,20.0,0.0,,0.17094017094017094,0.02674918836720929,36.74443864999999,124.27213412685032,10.1919777040104,34.04636501929755,0.020518592706763556,0.0869002748563883,0.016679190999656476,0.07398240086400455,0.07017543859649122,0.007017543859649123,0.1,16.57945308567252,53.959541164026696,0.28362573099415206,0.03140056869976557,1205.0736319949308,4791.048563147804,1.7682195585756821,0.08700361277523862,525.205970681699,263.0357578490661,0.689294893666163,-0.660102924380417,0.0,0.5225230494189579,0.6782610766209591,2.348265672175698e-06,1467.0,23.0,RandomForestClassifier,uncertainty_batch_sampling,0.6363364262196947
0,0.016140861417859805,0.006139442539501833,2.534744538251804,0.22419941662923779,0.07142857142857142,0.0,61.43035714285714,4.426995718388465,0.04349163405548132,0.07491203887970971,1.5123719580176205,15.20154793605049,1199.690579573577,4765.7820213023015,12.22903749407219,39.362944321908074,4.958347674197144,14.846689332785155,14.0,17.120547237500002,56.31477811555537,-1.179734965642218,0.10779621325747415,12.57191181771,41.37203976192849,36.89736859999999,124.52891838909967,16.808823324642855,54.943124130982206,16.3679816,52.986795771773636,0.15318025000000002,0.36499100148704106,20.0,0.0,0.0,0.005263157894736842,280.0,0.0,20.0,0.0,,0.170940170940171,0.026721622759707516,36.744188349999995,124.27220992278683,10.176405606391787,33.96796243688228,0.02074624412557574,0.09390863382587981,0.016673951685753415,0.07397362395878943,0.07142857142857142,0.007142857142857143,0.1,16.45739118392857,53.42725416017712,0.283625730994152,0.031429886249235775,1199.6905795735765,4765.294861071037,1.7684256527068354,0.08752259544937815,505.9690735310004,262.0226452882359,0.6881388137135884,-0.6547363858775803,0.0,0.5189336437250339,0.6842876017070852,2.438546345822527e-06,1467.0,24.0,RandomForestClassifier,uncertainty_sampling,0.563953488372093
0,0.016811347466853258,0.0069245609135366315,2.5347227432556254,0.22443785018938348,0.07272727272727272,0.0,60.47,4.313343961636594,0.044249852270051356,0.07449668518111034,1.9917299357123524,21.731546374341917,1188.2087355526396,4728.672018058765,12.149459845522376,39.17186601943471,4.91697233284224,14.714798235616607,13.75,16.8316486,55.22159422313029,-1.174515677633339,0.11089025443804726,12.53405125455,41.115933422637525,36.89736859999999,124.52891838909967,16.68796432436364,54.62936593586875,16.269056849999995,52.76936176014957,0.15352875000000002,0.3648428635651353,20.0,0.0,0.0,0.005263157894736842,275.0,0.0,20.0,0.0,,0.170940170940171,0.02677495895875948,36.74383984999999,124.27231545496304,10.11637746966883,33.80855765917102,0.021912440817829348,0.09887026663250446,0.016672298819500768,0.07396376809319767,0.07272727272727272,0.007272727272727273,0.1,16.309284452424244,53.01934398534788,0.28362573099415206,0.0315732223836073,1188.2087355526405,4727.67006294254,1.7657161745455185,0.08733351003177446,492.98200585124397,260.2825683634839,0.6883195722335598,-0.6505310983611583,0.0,0.5171649091903608,0.6858526328964163,9.861099470577225e-07,1467.0,25.0,RandomForestClassifier,margin_sampling,0.563953488372093
0,0.018251208392873412,0.004791202997469581,2.534715711682047,0.2246825225747941,0.07407407407407407,0.0,59.53425925925926,4.186213033373666,0.04437935870266502,0.07447416369150153,1.9099806778001083,20.874930374683238,1179.3835915129553,4695.1318352443495,12.0374605662528,38.7118686961365,4.868155181365312,14.545135534824361,13.5,16.705343287500003,54.83900200444181,-1.1688975917680344,0.11000794867130348,12.385490509140002,40.70260187839189,36.89736859999999,124.52891838909967,16.560098970555554,54.11778611060275,16.145571325,52.25385480659469,0.15352875000000002,0.3648428635651353,20.0,0.0,0.0,0.005263157894736842,270.0,0.0,20.0,0.0,,0.17094017094017097,0.026820964243295064,36.74383984999999,124.27231545496304,10.07677242377662,33.683390394304524,0.02062956653070752,0.1038332865091026,0.016668590824078136,0.07395394697657674,0.07407407407407407,0.007407407407407408,0.1,16.163383441975306,52.43911556554173,0.28362573099415206,0.03160777391427637,1179.383591512955,4694.200741893985,1.7628945666399822,0.08707000893339076,486.70644721466005,259.60389090095464,0.6877602715795634,-0.6523708866795984,0.0,0.5191680548903378,0.6822887745334352,1.1576417665933149e-06,1467.0,26.0,RandomForestClassifier,entropy_sampling,0.563953488372093
0,0.0167624569988282,0.006055946548345381,2.5344976075562604,0.22496153221222173,0.07547169811320754,0.0,58.62264150943396,4.044122957576551,0.045170648891871695,0.07483939623170266,1.3526564105243135,13.15716076431651,1123.4695810408189,4455.851216027074,11.909924862953705,38.08001203474089,4.859651634563755,14.471133457836277,13.25,16.3544619,53.726153836725366,-1.1652244876194515,0.11210529736756025,12.161850306689999,39.981286077581856,36.89736859999999,124.52891838909967,16.319258493584904,53.06899513456636,15.9701424,51.53448825597157,0.15352875000000002,0.3648428635651353,20.0,0.0,0.0,0.005263157894736842,265.0,0.0,20.0,0.0,,0.17094017094017092,0.027031859703613572,36.74383984999999,124.27231545496304,9.866552666271934,32.8652867503645,0.018267499718952408,0.10625280826218896,0.016666666666666666,0.07394336654803581,0.07547169811320754,0.007547169811320755,0.1,15.965053229559752,51.574515147216886,0.28362573099415206,0.03190091121471261,1123.469581040818,4455.460635040211,1.7593763300194716,0.08637852015888167,472.3770349450405,252.68399650116353,0.6905746641364623,-0.649956052817608,0.0,0.5171679366571924,0.6841942691032055,1.840988439980625e-06,1467.0,27.0,RandomForestClassifier,uncertainty_sampling,0.563953488372093
0,0.018020452731036196,0.007113401056405889,2.5345348019225464,0.2250482999826093,0.07692307692307693,0.0,57.66538461538462,3.9088064919190093,0.0444510456948987,0.07481675221680915,1.186859978094593,11.069491271715167,1126.5786984908675,4470.4709983339835,11.793448544920658,37.63220202173157,4.813363420425261,14.297487211058014,13.0,16.50308615,54.28254429606143,-1.1586346165900145,0.11300955184038262,12.272054373915,40.34242971969673,36.89736859999999,124.52891838909967,16.20407214673077,52.63984341342408,15.794200949999999,50.81715026701084,0.15375325,0.3647453655341194,20.0,0.0,0.0,0.005263157894736842,260.0,0.0,20.0,0.0,,0.17094017094017092,0.02701502130969177,36.74361535,124.27238343625292,9.875495175499056,32.912216473355514,0.022350296562613076,0.11186068067893296,0.016662593877783752,0.07393279557856411,0.07692307692307693,0.007692307692307693,0.1,15.794205768589743,50.95519503943536,0.283625730994152,0.031981133497940045,1126.5786984908686,4470.1951858672155,1.7564899977174833,0.08555883681084599,468.0138321459758,253.908132945866,0.6881388137135884,-0.6548166450531064,0.0,0.5197586824838588,0.680825351948579,6.732201617210397e-07,1467.0,28.0,RandomForestClassifier,margin_sampling,0.563953488372093
0,0.017277461801190837,0.006463977660168379,2.534513405037605,0.2251369968179637,0.0784313725490196,0.0,56.63333333333333,3.792458672438268,0.045633313420863214,0.07545808065797091,1.289654731556278,12.162430147635998,1107.4201771012847,4388.321758915361,11.653692432385803,37.058666800827595,4.7701275370097855,14.137813159993927,12.75,16.225295300000003,53.20705740939595,-1.1537312979872536,0.12131133153703781,12.012136543259999,39.36441831480848,36.89736859999999,124.52891838909967,16.021579074509805,51.89846942729189,15.617971799999998,50.10185260002016,0.15425795,0.3645413378217786,20.0,0.0,0.0,0.005263157894736842,255.0,0.0,20.0,0.0,,0.17094017094017094,0.0270430123336092,36.74311065,124.27253631013222,9.802834352057484,32.627476566899645,0.025386850451320036,0.1202568163084672,0.01665830783890867,0.07392181987491535,0.0784313725490196,0.00784313725490196,0.1,15.571771401307185,50.05664316512523,0.28362573099415206,0.03203355957703742,1107.4201771012845,4387.982642680271,1.7549045881394536,0.08501691769240154,451.86522461276616,251.6319724660595,0.6866664247902947,-0.651932654370336,0.0,0.5169506235921402,0.6865348908207487,2.003907770952362e-06,1467.0,29.0,RandomForestClassifier,uncertainty_batch_sampling,0.6986607142857143
0,0.03242150092430601,0.1206627297856327,2.5344668086390856,0.2253440947086452,0.08,0.0,55.542,3.725756439191471,0.046220854423433246,0.07551661932305047,1.8225192658961427,19.409864975995333,1085.29840020478,4287.946122334307,11.529394782838642,36.564846424173425,4.715671422228778,13.946974940900786,12.5,16.0998941625,52.586155199187516,-1.1538040002513132,0.12129377155457213,11.974233058830002,39.11013891546243,36.89736859999999,124.52891838909967,15.87322429,51.28062698838865,15.5447192,49.795188732459806,0.1547181,0.3643456538399968,20.0,0.0,0.0,0.005263157894736842,250.0,0.0,20.0,0.0,,0.17094017094017094,0.027110975827427445,36.742650499999996,124.27267565993486,9.727591725774163,32.29261540843811,0.023925484515517386,0.120415634126001,0.016653794665842856,0.07391041539104459,0.08,0.008,0.1,15.429699354999997,49.470328139361506,0.28362573099415206,0.032163929469215806,1085.2984002047797,4287.064300484374,1.754471290637319,0.08579404059192901,438.2833589868379,249.32735409522604,0.6849326630370529,-0.651939819599676,0.0,0.5151277229518184,0.6888282569217354,2.092179328043568e-06,1467.0,30.0,RandomForestClassifier,vote_entropy_sampling,0.6363364262196947
0,0.018619544404218924,0.006649191349423503,2.53450731017672,0.22519986586360713,0.08163265306122448,0.0,54.53469387755102,3.6316460286234484,0.04825694840386005,0.07549843866980302,2.0325410190470117,22.118560141401975,1079.3386223840755,4260.239438455509,11.558647514546719,36.6487556968971,4.722673393866648,13.944868753848827,12.25,15.94821995,51.93205650882931,-1.147073244784735,0.12794129487038666,11.861053598729997,38.55193983668891,36.89736859999999,124.52891838909967,15.890872356938772,51.34690905491173,15.570323099999996,49.896990309307824,0.1547181,0.3643456538399968,20.0,0.0,0.0,0.005263157894736842,245.0,0.0,20.0,0.0,,0.1709401709401709,0.0270647386284454,36.742650499999996,124.27267565993486,9.707997060393748,32.20155954803664,0.023673342791165834,0.12005066858960972,0.01665114257327372,0.07389812922594807,0.08163265306122448,0.00816326530612245,0.1,15.453143229591836,49.58680901365829,0.28362573099415206,0.03231662134094517,1079.338622384076,4259.087265180883,1.751963285289959,0.08577229366034712,419.93139588268554,247.23340899429857,0.6879319439065483,-0.6426418105182273,0.0,0.5094537715911651,0.698262036441603,9.995919025985742e-07,1467.0,31.0,RandomForestClassifier,consensus_entropy_sampling,0.563953488372093
0,0.020505313612656277,0.004885662349740413,2.534463221085273,0.22566278181209384,0.08333333333333333,0.0,53.44375,3.5726123635819222,0.04818077642058986,0.0753221358151677,2.1476932496588232,23.920666158282796,1054.5936013279388,4152.637231764082,11.424904143660735,36.18857380926873,4.66142536499251,13.745130106669846,12.0,15.6112524625,50.60416246101802,-1.1472337283365492,0.13179177671633785,11.639830441994999,37.73118300247259,36.89732064999999,124.52893294253654,15.717383632291668,50.72404055543083,15.371371075000003,49.39056219069976,0.1555166,0.3640154576497224,20.0,0.0,0.0,0.005263157894736842,240.0,0.0,20.0,0.0,,0.17094017094017097,0.02717690257008442,36.74180405,124.27293204107389,9.614693278023442,31.82437454625769,0.022882526613053823,0.12467216594193054,0.01664615637049799,0.07388578020254156,0.08333333333333333,0.008333333333333333,0.1,15.266962060069446,48.94201245355578,0.283625730994152,0.03250462540870406,1054.5936013279381,4151.255231001222,1.7516867287510256,0.08655901416140184,403.48379426809635,244.18136372580585,0.686326101803236,-0.6387457055565033,0.0,0.5061410202453087,0.7031739511262822,1.0450534887066197e-06,1467.0,32.0,RandomForestClassifier,consensus_entropy_sampling,0.6363364262196947
0,0.018908967190472317,0.00717575852930477,2.534339510917847,0.22554569563340546,0.0851063829787234,0.0,52.43617021276596,3.490933037910825,0.047797965019482754,0.07604006465586353,1.7694963371576233,18.91836994726214,1044.6874825530545,4111.613506834212,11.300637403917687,35.712878180629204,4.602037912226241,13.550084644693516,11.75,15.5975345,50.68404273583278,-1.1462841546686,0.12956433412687585,11.565004769009999,37.71936777327124,36.89732064999999,124.52893294253654,15.583969531063833,50.20740653873934,15.1217513,48.43056337225356,0.1555166,0.3640154576497224,20.0,0.0,0.0,0.005263157894736842,235.0,0.0,20.0,0.0,,0.17094017094017086,0.02725473007308182,36.74180405,124.27293204107389,9.572685993997531,31.67351816686479,0.02345576128673696,0.12904686429720738,0.016647545842176717,0.07387156745702429,0.0851063829787234,0.00851063829787234,0.1,15.113598589007093,48.34171004917111,0.28362573099415206,0.03254589593775652,1044.6874825530545,4110.739907484755,1.7488804660156836,0.0869066721119252,394.87494159690334,243.25146478320426,0.6855134308715911,-0.6398585445555461,0.0,0.50551601844576,0.7037526073257918,2.5517628947682345e-06,1467.0,33.0,RandomForestClassifier,uncertainty_sampling,0.6363364262196947
0,0.021066632735438014,0.005980746708571284,2.5343948167684935,0.22562024041540663,0.08695652173913043,0.0,51.48478260869565,3.3490592038344027,0.04681836824337144,0.07654204655050263,0.7261947009375961,5.160879710050492,1011.6413760990754,3965.2272258713724,11.34528519652961,35.79987840178126,4.741802708160522,14.042802385418081,11.5,15.559956462500006,50.52919930499233,-1.142820273579017,0.13000501085731309,11.564805099854997,37.620385544209284,36.89732064999999,124.52893294253654,15.509655636739131,49.78980461897511,15.146568499999997,48.28811224732956,0.1555166,0.3640154576497224,20.0,0.0,0.0,0.005263157894736842,230.0,0.0,20.0,0.0,,0.17094017094017097,0.027221993881176645,36.74180405,124.27293204107389,9.448030767853194,31.159624528323164,0.021860082462972292,0.12849245954432634,0.01664207875998269,0.07385813529615423,0.08695652173913043,0.008695652173913044,0.1,15.078792929710142,48.044012817009715,0.28362573099415206,0.03270875314040894,1011.6413760990756,3965.159078231232,1.745758312884127,0.08617704859958941,383.5696065460407,238.5126236033008,0.6893616831435102,-0.6366107828968331,0.0,0.5037948007857627,0.7061050865241724,1.631084759778697e-06,1467.0,34.0,RandomForestClassifier,max_disagreement_sampling,0.563953488372093
0,0.01978925604278506,0.0063691264262592685,2.534433957948077,0.22515544583304586,0.08888888888888889,0.0,50.263333333333335,3.3085539164198523,0.04644689106573089,0.07663196012702374,0.6223573617412871,4.047417965810242,1006.0133113460558,3931.5417229150507,11.242373704101132,35.40954674649798,4.675491906034226,13.830932940946957,11.25,15.69814405,51.031007042128316,-1.153287826456483,0.11888919478882862,11.713808512559998,38.134950404208254,36.44622359999999,122.62486770470817,15.428163818666667,49.43818815654189,15.12274905,48.06699695772606,0.1555166,0.3640154576497224,20.0,0.0,0.0,0.005263157894736842,225.0,0.0,20.0,0.0,,0.17094017094017097,0.027119642282743387,36.290707,122.36815093806302,9.44024652912814,31.066906691599804,0.01585904888547894,0.12468515261844214,0.01663863747553816,0.07384364415203391,0.08888888888888889,0.008888888888888889,0.1,15.00556611074074,47.719657231651,0.28362573099415206,0.03279357077572291,1006.0133113460561,3931.499289709009,1.7491081245072346,0.08582550228153651,380.5987898469736,240.48945761191814,0.6809991432654108,-0.6520358928400777,0.0,0.5089192317445951,0.6988622986968885,1.2019384415861397e-06,1467.0,35.0,RandomForestClassifier,vote_entropy_sampling,0.6363364262196947
0,0.03586036063777867,0.12032206341382493,2.534452856834386,0.22526655043026758,0.09090909090909091,0.0,49.14204545454545,3.2521935551714756,0.04796449018177288,0.07688614863848094,0.43547865435084904,2.51601665019486,1007.0362759433717,3936.8986425850203,11.278966476703872,35.56794957285537,4.642127609269603,13.734412715880609,11.0,15.6740952,50.927434778043036,-1.1508977838797352,0.12051847236406286,11.64070632501,37.828134403867324,36.44622359999999,122.62486770470817,15.473894198863638,49.624801116654986,15.146662599999996,48.16858436486494,0.1555166,0.3640154576497224,20.0,0.0,0.0,0.005263157894736842,220.0,0.0,20.0,0.0,,0.17094017094017092,0.02712838806356721,36.290707,122.36815093806302,9.442708842817165,31.08344500403887,0.021046944512313724,0.12233054714503737,0.016634956874682902,0.073828507986673,0.09090909090909091,0.00909090909090909,0.1,15.056036858712122,47.91404423546513,0.28362573099415206,0.032929343672233595,1007.0362759433708,3936.882165967183,1.7484634966020065,0.08658150999061393,370.5762351600655,239.62341142882806,0.6850259985526486,-0.6476741621695137,0.0,0.5064384121458881,0.7023767230302765,1.3456567895763222e-06,1467.0,36.0,RandomForestClassifier,max_disagreement_sampling,0.563953488372093
0,0.01754325873443105,0.007872485712159314,2.2846030979645344,0.1667755432886479,0.09302325581395349,0.0,47.93255813953488,3.197607599428322,0.048264064718103614,0.07701196605301194,0.7331533091181124,5.174093169267524,1006.2082412274465,3930.435432129459,11.299153944898224,35.617886260632126,4.623509612639671,13.664703311532415,10.75,15.576419475,50.448808758908655,-1.1547939320813092,0.12434079145386716,11.642008789109997,37.827725360205015,36.44568929999999,122.62503032271711,15.494562266744186,49.676969264548276,15.169588349999998,48.270535089715494,0.1555166,0.3640154576497224,20.0,0.0,0.0,0.005263157894736842,215.0,0.0,20.0,0.0,,0.20408163265306123,0.024045710802132067,36.2901727,122.3683131884838,9.444271422903505,31.068921322185986,0.02510885175967712,0.12190958554575808,0.01663101662937124,0.07381268232833715,0.09302325581395349,0.009302325581395349,0.1,15.06890317364341,47.94322631824224,0.325,0.03190132740264578,1006.2082412274456,3930.3663097841095,1.752184856399019,0.08605145545596497,356.35047865743127,238.9639013012129,0.6852409790551697,-0.6425418013972842,0.0,0.5026064796778941,0.7090724652937707,1.4083610359694514e-06,1467.0,37.0,RandomForestClassifier,uncertainty_sampling,0.563953488372093
0,0.017892231252374352,0.007891750710922086,2.2846247159263187,0.16678728206930016,0.09523809523809523,0.0,46.72976190476191,3.158025197616549,0.049872019800268,0.07757625377130314,1.2075888920359463,11.154404843194154,984.7147135553947,3839.401285257808,11.111850290720636,34.92259807362927,4.558941362481274,13.429140868085566,10.5,15.428293899999995,49.89539103664109,-1.1509767249083969,0.13907539475312067,11.532170145720002,37.27225965084515,36.44568929999999,122.62503032271711,15.26016657904762,48.79272568997781,14.921497949999997,47.375985112547454,0.15588030000000003,0.3638560205182525,20.0,0.0,0.0,0.005263157894736842,210.0,0.0,20.0,0.0,,0.20408163265306123,0.024019690981655937,36.289809,122.36842363936525,9.357289099072675,30.730678213211778,0.022532994334330606,0.13825321135199536,0.016624249211035325,0.07379663612620221,0.09523809523809523,0.009523809523809525,0.1,14.798509187698414,46.938232170083566,0.325,0.03203897850327141,984.7147135553944,3839.0751159352576,1.7536849914246126,0.08701642182135946,340.67034997907064,235.15334532693723,0.687649570233094,-0.6332500816236434,0.0,0.497582911876922,0.7158994230191649,3.2504677732570965e-06,1467.0,38.0,RandomForestClassifier,uncertainty_sampling,0.5555222987129602
0,0.018868234786803176,0.006414400394620093,2.2846364166979014,0.16673305368522742,0.0975609756097561,0.0,45.51829268292683,3.1059913264204617,0.050273214340983086,0.07692017093529417,0.9662598233035796,7.973682193927045,996.6610300598437,3889.193320777149,11.077491256489282,34.71398866501954,4.507061469154026,13.25313977820937,10.25,15.503368550000001,50.20419447299608,-1.151434684712567,0.1434095725898582,11.495120564759997,37.215590687600155,36.4450545,122.62522351104148,15.278225800975608,48.74751827679546,14.920582200000002,47.25948765125112,0.1560313,0.3637891191862757,20.0,0.0,0.0,0.005263157894736842,205.0,0.0,20.0,0.0,,0.20408163265306123,0.023996764487407334,36.289023199999995,122.36866225726199,9.407305302147721,30.918630680716685,0.02063958948711258,0.14366088685800973,0.016619645460102507,0.0737792963079021,0.0975609756097561,0.00975609756097561,0.1,14.811843434959348,46.81308344350114,0.325,0.03220879455513444,996.6610300598438,3889.028299415211,1.7566231273582935,0.08740336074966666,332.67290395364677,236.73482884877154,0.6868400366505749,-0.6338383772880944,0.0,0.4970173712164521,0.71639312391378,3.416531771698031e-06,1467.0,39.0,RandomForestClassifier,uncertainty_sampling,0.47876447876447875
0,0.019843685019509064,0.006857030223342859,2.284655071514523,0.1666900279772145,0.1,0.0,44.5075,2.979980312571978,0.051768669063929955,0.07622800436022699,1.4768726881131373,14.623532925330698,982.6180355581849,3831.5736309948893,10.90737181169057,34.16088910900792,4.4269983589412805,13.005519819951466,10.0,15.351876199999998,49.68418423216617,-1.1444849855374737,0.15285912277452815,11.34491094576,36.70176639295485,36.4450545,122.62522351104148,15.084830995250002,48.111764390335956,14.621581075000003,46.16584043134632,0.1560313,0.3637891191862757,20.0,0.0,0.0,0.005263157894736842,200.0,0.0,20.0,0.0,,0.20408163265306123,0.02396676111918498,36.289023199999995,122.36866225726199,9.347251941539794,30.697966959934437,0.02081491918589251,0.1520110853871715,0.016612045735926007,0.07376165056429597,0.1,0.01,0.1,14.585337128333332,46.08573549038644,0.325,0.03225681793259609,982.6180355581843,3831.0127150217163,1.7541058240794691,0.08658135176237093,319.14767694171667,235.58067114596733,0.6818546087307834,-0.6326216769722486,0.0,0.49518750841469894,0.7201176516728169,2.190075444715642e-06,1467.0,40.0,RandomForestClassifier,vote_entropy_sampling,0.563953488372093
0,0.019131572260092225,0.007338416153575039,2.2844565976170816,0.16757763023009156,0.10256410256410256,0.0,43.437179487179485,2.878873856929674,0.05234449008127037,0.07688112017793508,1.3128944394135835,12.33677016380045,997.1853786445757,3894.853498415421,10.865877608918312,34.032156744257286,4.366361114695485,12.811398476736976,9.75,15.475806749999999,50.167108863580694,-1.1456012629313344,0.14243630144293498,11.567551060380001,37.718571241266474,36.4450545,122.62522351104148,15.102674206153846,48.21195806333685,14.621158399999999,46.28097778101587,0.1560313,0.3637891191862757,20.0,0.0,0.0,0.005263157894736842,195.0,0.0,20.0,0.0,,0.20408163265306123,0.02436651867726152,36.289023199999995,122.36866225726199,9.403907612264023,30.928642835516158,0.02053040555783141,0.1501373397047025,0.016601299865531154,0.07374366672936157,0.10256410256410256,0.010256410256410256,0.1,14.608539573504277,46.200715335626036,0.325,0.03279643476910544,997.185378644576,3894.46034810242,1.7534059574073686,0.08642406860304162,314.2745439545496,236.92994952521056,0.6849062404158356,-0.6327578785351122,0.0,0.49506167308695576,0.7174974955548667,3.7907059464807888e-06,1467.0,41.0,RandomForestClassifier,max_disagreement_sampling,0.5555222987129602
0,0.01774635745302871,0.007192878878262719,2.2845544284909485,0.1670460650970627,0.10526315789473684,0.0,42.325,2.8101231873429193,0.052990149824586934,0.07828048825606354,0.8053000600435245,5.637055999526319,971.280489948473,3784.574939997041,10.771319878269775,33.492117717418154,4.345009959310284,12.712679540445183,9.5,15.415460450000003,49.90882510228907,-1.1458072547009555,0.15271625052029858,11.494946248064998,37.215645705455564,36.4450545,122.62522351104148,14.943719082368414,47.41598666846966,14.520653050000002,45.65270457133088,0.1560313,0.3637891191862757,20.0,0.0,0.0,0.005263157894736842,190.0,0.0,20.0,0.0,,0.20408163265306123,0.024154676342440198,36.289023199999995,122.36866225726199,9.29821361347356,30.51873822229097,0.023488797433889215,0.15715633458461473,0.016598079561042523,0.07372306537439559,0.10526315789473684,0.010526315789473684,0.1,14.43058374429825,45.318512826763715,0.325,0.0329500176215611,971.2804899484725,3784.489704460467,1.7534366479410972,0.08635672549507209,301.0219388812738,232.80551325824035,0.6875967375909238,-0.6260078096937296,0.0,0.49167690919331214,0.7247456951371516,3.5219342971561377e-06,1467.0,42.0,RandomForestClassifier,margin_sampling,0.563953488372093
0,0.0380613356685714,0.12000625065468552,2.2845631416663945,0.16700194674703048,0.10810810810810811,0.0,41.28378378378378,2.709253568540355,0.05320811077564196,0.07953963477723679,0.4645674517044809,2.396206013996998,947.1194208735384,3678.7937137591593,10.614690221711161,32.871214286069865,4.279627305697475,12.487238073835952,9.25,15.351102000000001,49.58760607788511,-1.1423845955379395,0.16477385849775855,11.346086128649997,36.60591895966038,36.4450545,122.62522351104148,14.7506227,46.62426437928639,14.37062875,45.05371555454332,0.1567595,0.3634830262867566,20.0,0.0,0.0,0.005263157894736842,185.0,0.0,20.0,0.0,,0.20408163265306123,0.024137060962789957,36.288295,122.36888338813503,9.202517677404677,30.13012287554368,0.02461468398492184,0.16253451407322966,0.01659175111692274,0.07370194979554305,0.10810810810810811,0.010810810810810811,0.1,14.247705656306305,44.55935522061103,0.325,0.03337580829819097,947.1194208735382,3678.7776013603584,1.7517063739461998,0.08600039195546459,291.67630347907937,230.16393516005877,0.686690613925237,-0.6277873680731142,0.0,0.49241223772905546,0.7242775264508111,5.477425721946489e-06,1467.0,43.0,RandomForestClassifier,vote_entropy_sampling,0.6986607142857143
0,0.02013035084562919,0.00802691368792623,2.2845616305224787,0.16700311776766447,0.1111111111111111,0.0,40.15416666666667,2.6255187037397296,0.05476255167501746,0.07878935336642569,0.5744506207732769,3.0159629389272586,944.0532670887745,3661.5994469162583,10.767261972275165,33.503250707751675,4.934234065242558,14.879284976609599,9.0,15.2262822,49.01088539689154,-1.144055815675038,0.17079300984240026,11.38280686893,36.75833510533885,36.44505085,122.62522462162016,14.805018734999999,46.858830182889136,14.422309624999997,45.25261300492952,0.20681864999999994,0.5204388826832169,20.0,0.0,0.0,0.005263157894736842,180.0,0.0,20.0,0.0,,0.20408163265306123,0.02413781203771967,36.2382322,122.15743594569898,9.196122954123117,30.07857411411553,0.020876453872762348,0.16192033455223204,0.016590879563466283,0.0736784567611746,0.1111111111111111,0.011111111111111112,0.1,14.31528739675926,44.84838623970565,0.325,0.03351683545197779,944.0532670887736,3661.5738346529665,1.7526622599143398,0.08565202990369215,280.66010533620505,229.45089378835814,0.6869615765973234,-0.6248073310545383,0.0,0.4905060737041263,0.7271547242423104,5.782792205945005e-06,1467.0,44.0,RandomForestClassifier,uncertainty_sampling,0.563953488372093
0,0.02087309069797423,0.008031359623207246,2.2845829863397573,0.16695696257521522,0.11428571428571428,0.0,39.22857142857143,2.454632487482448,0.056501777841033184,0.07807953951347109,0.5683966491910303,2.8340873296380593,931.613324320758,3609.189544322862,10.606752511643306,32.90461438515466,4.853518092722849,14.599018262602312,8.75,15.123288275000004,48.66520145050418,-1.1312415520014074,0.1850576719477856,11.193618732240001,35.9992160096189,36.44505085,122.62522462162016,14.621388693142858,46.173918353116356,14.2744051,44.65429379886747,0.20682204999999998,0.5204374922201184,20.0,0.0,0.0,0.005263157894736842,175.0,0.0,20.0,0.0,,0.20408163265306123,0.024104408561456594,36.2382288,122.15743697826935,9.142418993605945,29.877460246922478,0.019393346848457067,0.17000151489658616,0.01658684546615581,0.0736542558894241,0.11428571428571428,0.011428571428571429,0.1,14.105490347619048,44.08921001717171,0.325,0.03371746794501486,931.6133243207581,3609.1665117882367,1.746732312232287,0.08378043618530237,272.64890210107575,228.15349430085055,0.6859298002523728,-0.6257367985155519,0.0,0.49266985401093655,0.7264452074329417,6.130709998351451e-06,1467.0,45.0,RandomForestClassifier,uncertainty_batch_sampling,0.5555222987129602
0,0.022661465504824674,0.008855076479792964,2.2846838853001983,0.16650241963753667,0.11764705882352941,0.0,38.11029411764706,2.3320756497291995,0.059998316763092585,0.0786887644254302,1.108195993467271,9.181795905097678,891.9295966584183,3441.4330120039995,10.531102066041559,32.57089480426786,4.828387974310861,14.459802979719393,8.5,14.883503987499997,47.88206822737355,-1.132433949559187,0.17331555469873075,10.96864411566,35.27586332652815,35.7437429,119.67025959046666,14.45653099764706,45.50892265238507,14.100590049999997,44.065158607054244,0.2078075,0.5200434505251004,20.0,0.0,0.0,0.005263157894736842,170.0,0.0,20.0,0.0,,0.20408163265306123,0.023896591740777347,35.53593540000001,119.20225846549017,8.97251994893924,29.225502245457967,0.010800467957207707,0.1655246088918681,0.016582479434261797,0.07362864264210964,0.11764705882352941,0.011764705882352941,0.1,13.958216197549024,43.49919210263586,0.325,0.034080502580753756,891.9295966584177,3441.1857521605775,1.74574613211767,0.08142724668103098,265.1224581423262,223.77687980456693,0.6847499471795508,-0.6302033775967673,0.0,0.49353796733609123,0.7270933536468642,3.949914497300968e-06,1467.0,46.0,RandomForestClassifier,entropy_sampling,0.6363364262196947
0,0.02283126445731922,0.008099491384405667,2.2847340718143454,0.16614775249495944,0.12121212121212122,0.0,37.03181818181818,2.2577633068298826,0.05965030700143561,0.07963367866336138,0.9424065294969661,7.2212797367553545,883.1941344978679,3403.7361758807747,10.410023242642769,32.04445981730111,4.76399690229566,14.21351534210163,8.25,14.643463599999999,46.97370662788808,-1.1209973902733006,0.18744390842952036,10.895231619930001,34.97219536573176,35.74173175,119.67087439421363,14.31521024909091,44.89470233607562,14.023785749999998,43.6631510107261,0.20797235,0.5199792560580282,20.0,0.0,0.0,0.005263157894736842,165.0,0.0,20.0,0.0,,0.20408163265306123,0.023765625293242564,35.53375940000001,119.20292252382839,8.934971630926386,29.07993369377094,0.015357597837846997,0.1788355383251866,0.01657427937915743,0.07360219898897358,0.12121212121212122,0.012121212121212121,0.1,13.782456926767674,42.76455500789738,0.325,0.03406645649720786,883.1941344978677,3403.5811645857348,1.7440093152728238,0.08154636321934289,255.25945307728915,221.49332707347236,0.6890092384766586,-0.6230734344406852,0.0,0.4925963646056628,0.7291036927760053,2.859139917323121e-06,1467.0,47.0,RandomForestClassifier,uncertainty_sampling,0.563953488372093
0,0.02205766462655884,0.008594883717173395,2.284753222176336,0.16618476271273716,0.125,0.0,35.4078125,2.3279005500476067,0.061430837706383856,0.07975887041909122,0.7409536942143651,4.559107041839737,828.5887647288193,3161.9536227370145,10.332066094093939,31.815502109313083,4.70060814630658,14.018566158421518,8.0,14.378331812500004,46.27688932355906,-1.1435161504253544,0.13603598909878087,10.59610179915,34.132586319175545,32.134175199999994,104.6352807719204,14.162769279062498,44.36399832597286,13.775469750000003,42.934186130667804,0.20797235,0.5199792560580282,20.0,0.0,0.0,0.005263157894736842,160.0,0.0,20.0,0.0,,0.20408163265306123,0.023745964809408025,31.92620285000001,104.16496040091808,8.70998207591601,28.148571562636807,-0.002398726076826368,0.16020230336879554,0.016572595817878837,0.07357265202414529,0.125,0.0125,0.1,13.71157592604167,42.58200564138238,0.325,0.03433063474367939,828.5887647288195,3161.886495574225,1.7579393835696124,0.08296637099865618,253.44792702704675,215.41191891387479,0.6918966592050799,-0.6375106115949903,0.0,0.49653567702656076,0.7262545184802705,6.7677929468772325e-06,1467.0,48.0,RandomForestClassifier,uncertainty_sampling,0.47876447876447875
0,0.024721739609399523,0.00804628135657478,2.284851189897261,0.16567164724016487,0.12903225806451613,0.0,34.291935483870965,2.2592377742251846,0.06131181374406141,0.08031382735025466,1.2004200870751358,10.997009231140343,810.0493448947664,3092.4268302294263,10.3109528384107,31.57889672237988,5.0914741363651155,14.930978299829519,7.75,14.265700599999997,46.1363363112191,-1.1413555119416006,0.1406776880336548,10.373231585009998,33.4089353683502,32.134175199999994,104.6352807719204,14.060992558709676,43.938498944962355,13.675453000000001,42.48650478056098,0.30797235,0.798198653148798,20.0,0.0,0.0,0.005263157894736842,155.0,0.0,20.0,0.0,,0.20408163265306123,0.023534652665290343,31.82620285000001,104.01719122655481,8.613892701423703,27.831262191683606,-0.004143930771379588,0.15955006058686336,0.016566985645933015,0.07354196877464456,0.12903225806451613,0.012903225806451613,0.1,13.633185556989252,42.27494556570483,0.325,0.03451332145675232,810.049344894766,3092.033137893505,1.7577090751226354,0.08409406794766981,250.41487732417022,213.65575159868206,0.6914604880192381,-0.6447408040644682,0.0,0.5004712821075711,0.7209504787061403,7.340959233913059e-06,1467.0,49.0,RandomForestClassifier,vote_entropy_sampling,0.6363364262196947
0,0.02605221846324253,0.009120655792540821,2.2849237643358933,0.16533750890472956,0.13333333333333333,0.0,33.17333333333333,2.157726997139222,0.0644685180713254,0.08152703166585469,0.5671717913189305,2.82192905884983,804.7906365148357,3066.3758696488885,10.203103040174522,31.19870263637896,5.0075139008122616,14.657554937656318,7.5,14.076748175000002,45.59262800868966,-1.1379527447509419,0.14834414652345454,10.334359703325001,33.163144402137654,32.134175199999994,104.6352807719204,13.96737244866667,43.59307526499265,13.4999937,41.95019838825209,0.30807935,0.7981558030386294,20.0,0.0,0.0,0.005263157894736842,150.0,0.0,20.0,0.0,,0.20408163265306123,0.023382523565764396,31.82609585000001,104.01722461391923,8.59527871027954,27.737715543764427,0.0014443471087203631,0.15804034822587845,0.016552830076616974,0.07351089683815445,0.13333333333333333,0.013333333333333334,0.1,13.52624724166667,41.89871680006314,0.325,0.034772471986787845,804.7906365148359,3066.3489874533657,1.7574892366427737,0.08304106154639217,238.71128078149277,212.40464980359417,0.6923469670899615,-0.6397947581685886,0.0,0.4975207503861403,0.7258874518645578,9.224755949874745e-06,1467.0,50.0,RandomForestClassifier,entropy_sampling,0.563953488372093
0,0.044188710560005284,0.11941291257869681,2.2848887654084704,0.16524131366397937,0.13793103448275862,0.0,32.19655172413793,2.0516203383986604,0.06559857335732301,0.08115243849892063,0.6041422241560632,3.1232978456609635,781.7052164127161,2967.6495198172743,10.084429446324084,30.65908300534992,5.009311305663859,14.626161760775714,7.25,13.736198949999997,44.17124899438318,-1.1228143061856388,0.16207939251404122,10.148166010919999,32.68605227878904,32.134175199999994,104.6352807719204,13.782230246206897,42.80327036719212,13.424301199999997,41.50336830682996,0.3082079,0.7981070419147323,20.0,0.0,0.0,0.005263157894736842,145.0,0.0,20.0,0.0,,0.20408163265306123,0.023410117939082344,31.82596730000001,104.01726474816518,8.49071538144536,27.33058762100584,0.005851985165172149,0.16784593897523747,0.016537491732804232,0.07347772266195458,0.13793103448275862,0.013793103448275862,0.1,13.32461194482759,41.05494723135708,0.325,0.03544853979481078,781.7052164127166,2967.615591643821,1.7525080152913601,0.08303012941960826,223.5333631125965,209.1558613166427,0.689122754016169,-0.6336554836929452,0.0,0.49208689147239193,0.7364318515303306,8.42788300234054e-06,1467.0,51.0,RandomForestClassifier,uncertainty_sampling,0.6363364262196947
0,0.04496717226282607,0.11918156456022704,2.284799580362262,0.16578699868522226,0.14285714285714285,0.0,31.119642857142857,1.9768143148915436,0.06679673143803096,0.08115658202706325,1.435464036544307,14.07621380077034,768.0366403756282,2931.1111928138325,10.184262063977506,31.047243650326703,5.4785173282271975,16.226448080171288,7.0,13.536335725,43.67065939730646,-1.1163112714346857,0.16484867495404742,9.927112018845,31.773209059277757,32.133602149999994,104.63546031586829,13.738736628214287,42.70382676688762,13.323668949999995,41.260652709037345,0.4087139999999999,1.092116054253875,20.0,0.0,0.0,0.005263157894736842,140.0,0.0,20.0,0.0,,0.20408163265306123,0.023612340093068583,31.72488815000001,103.60366487184531,8.395549930043924,27.097317438559685,0.004242302397141089,0.17334117624460119,0.016529161991507713,0.07344048601016594,0.14285714285714285,0.014285714285714285,0.1,13.280297294642855,40.92824654790475,0.325,0.0356925011114953,768.0366403756277,2930.431653258568,1.7506335604093395,0.08341185971123066,217.64133800320047,207.48376536611266,0.6881388137135884,-0.6341370377466721,0.0,0.4939008694165743,0.7319078639972133,9.058540914080307e-06,1467.0,52.0,RandomForestClassifier,uncertainty_sampling,0.6823529411764705
0,0.041444979911759494,0.11981874482169846,2.284810346894772,0.16562300416914566,0.14814814814814814,0.0,29.977777777777778,1.9212496581017833,0.07115620138937934,0.08090752740731783,1.264386612937613,11.641264868202827,758.2796577088653,2880.058615771657,10.331424931027358,31.57096954466881,5.525354788897612,16.377193786076685,6.75,13.560331775,43.644574891652844,-1.120598866245086,0.16816365124032912,10.002243107430001,32.07648884479215,32.132804449999995,104.63571027381754,13.870863281111117,43.14521386991824,13.572423800000001,41.89526506753556,0.40940744999999995,1.09184698570645,20.0,0.0,0.0,0.005263157894736842,135.0,0.0,20.0,0.0,,0.20408163265306123,0.023571664723911832,31.723397,103.60413068149786,8.364555883621957,26.917297560815904,0.005021116678269854,0.1620590202475206,0.016515553075742782,0.07340144023879146,0.14814814814814814,0.014814814814814815,0.1,13.486240741358023,41.63277252906554,0.325,0.03621249978565658,758.2796577088651,2879.5849598542327,1.7510600741629518,0.08397418253408884,202.53363589276245,204.97265364564686,0.6898238815745166,-0.6229622473548256,0.0,0.4855216586521406,0.7465170431105629,9.709010599691465e-06,1467.0,53.0,RandomForestClassifier,margin_sampling,0.563953488372093
0,0.030059059298667756,0.010937473509448658,2.284900970703656,0.16548987001864557,0.15384615384615385,0.0,28.934615384615384,1.8158443073674262,0.0717278208680054,0.08304490083566646,0.764385046076724,5.20854719172204,735.4513100511978,2775.9971372163195,10.1429185913975,30.97157992211405,5.422414449080792,16.06468627586297,6.5,12.7062589375,40.121348361192766,-1.103283523803588,0.19914046708298633,9.777767163359998,30.989385524260424,32.13163454999999,104.63607686797938,13.619611768076922,42.28815022600652,13.320796725000003,41.261593782438304,0.40998395,1.0916298255295287,20.0,0.0,0.0,0.005263157894736842,130.0,0.0,20.0,0.0,,0.20408163265306123,0.02343637791371992,31.721650600000004,103.60467622302598,8.266902142718347,26.499446647925083,0.014134131147557103,0.17729178605478443,0.01650516795865633,0.07335847726061802,0.15384615384615385,0.015384615384615385,0.1,13.183190623717945,40.623979198961194,0.325,0.03649164283549188,735.4513100511979,2775.8978181025805,1.7471099376665895,0.0839486347483781,184.9474929324092,200.4335088749703,0.6901856760188042,-0.6065510266467544,0.0,0.477654202516241,0.7648953152844878,1.2334816527261087e-05,1467.0,54.0,RandomForestClassifier,vote_entropy_sampling,0.6363364262196947
0,0.03997972186367563,0.12001218743111174,1.9789216683567463,0.09364903745422071,0.16,0.0,27.734,1.7439393902238096,0.07313348673197236,0.08308515197386017,1.0668048766633116,8.93934990520466,735.4650545239372,2767.6406963024933,10.309753611092102,31.750089042917725,5.661083373913792,17.00443779359165,6.25,12.933461000000003,40.796679175714324,-1.1144511027141448,0.1958246402217232,9.85203504516,31.11556200841755,32.13163454999999,104.63607686797938,13.718434127200002,42.79923869174498,13.120129850000001,40.93991891458171,0.410569,1.0914046814040295,20.0,0.0,0.0,0.005263157894736842,125.0,0.0,20.0,0.0,,0.2531645569620254,0.01709283129068938,31.721065550000002,103.60485891835395,8.280467164759273,26.495261106713546,0.022294591384107547,0.1679216834159311,0.016498655913978495,0.07331106710201218,0.16,0.016,0.1,13.25886027266667,41.09458204806658,0.3782051282051282,0.039571324643870996,735.4650545239376,2767.3493517496718,1.7531653909267204,0.08163394471676241,177.36122522707575,200.63627802570704,0.6892701675539441,-0.6081097222775371,0.0,0.47758482911351596,0.7641388236490436,1.1337198651755309e-05,1467.0,55.0,RandomForestClassifier,entropy_sampling,0.6363364262196947
0,0.04294493156998996,0.11965476106172869,1.9787951160180235,0.09464260553323056,0.16666666666666666,0.0,26.635416666666668,1.690043083252406,0.07316848456497844,0.08443278115102765,0.7667081879664468,5.298594071507502,716.456163019745,2674.062477360918,10.162838239876267,31.240998363811787,5.5480665903647175,16.628913758091414,6.0,12.919322025,40.63338192708019,-1.1152765009666148,0.19260850051543763,9.663889806375,30.371690544403336,32.12980814999999,104.6366494173242,13.56589430416667,42.22229496866774,13.171187825,40.978253702063704,0.41291020000000006,1.0905356620304394,20.0,0.0,0.0,0.005263157894736842,120.0,0.0,20.0,0.0,,0.25316455696202533,0.017617321298571433,31.716897950000003,103.60616163636946,8.207390201022175,26.13920042887613,0.0298117848301238,0.15679895423311274,0.016497125165855817,0.0732585387562273,0.16666666666666666,0.016666666666666666,0.1,13.131812985416667,40.64177680077221,0.3782051282051282,0.04032621021310993,716.456163019745,2673.9558390690754,1.7524852197590144,0.08092931464607185,169.0393972778956,197.78942328420575,0.6918966592050799,-0.6089573074125356,0.0,0.47908354928652386,0.7660808952983725,1.4397967409754746e-05,1467.0,56.0,RandomForestClassifier,margin_sampling,0.6363364262196947
0,0.026250529441889783,0.010733099959654501,1.978520665101653,0.09522061757392276,0.17391304347826086,0.0,25.55217391304348,1.634417935239576,0.07811046436901041,0.08660682884878396,1.301748433438047,12.237737669484025,700.3070765522906,2611.397089676695,9.948069416751247,30.470203338716054,5.426919053831043,16.205954999843083,5.75,12.705347825,39.83861494054125,-1.1101364101500424,0.1958818567836689,9.179265116700002,28.611984697147907,32.12861424999999,104.63702349341244,13.318929827826086,41.34448931439699,12.370418249999998,38.1801004387149,0.4134532,1.0903272992657609,20.0,0.0,0.0,0.005263157894736842,115.0,0.0,20.0,0.0,,0.2531645569620252,0.018419302190220015,31.715161050000006,103.6067042807987,8.120817751430994,25.840795889656313,0.03107712095683713,0.16727291017793755,0.01648391812865497,0.07320378629298743,0.17391304347826086,0.017391304347826087,0.1,12.849917234782609,39.65714679220195,0.3782051282051282,0.04133528721348488,700.3070765522914,2610.8200606268256,1.7490879167824318,0.08122705569693271,163.02609908420214,196.07784259630586,0.6900816649627446,-0.6134411456198517,0.0,0.4802704679988022,0.7652167921743193,1.5734358176637034e-05,1467.0,57.0,RandomForestClassifier,max_disagreement_sampling,0.6363364262196947
0,0.026319351792857947,0.011664310690360483,1.9786290509893782,0.094507296257971,0.18181818181818182,0.0,24.354545454545455,1.5759196449288675,0.07978652922214327,0.08590913705896042,1.2574872615733141,11.606998005011052,710.4304647962779,2650.280144724366,9.906996939220464,30.214953419223427,5.3416712523100705,15.887484151671094,5.5,12.896131475,40.5606315623201,-1.12444726766917,0.1960944253634896,9.921330731340001,31.41621542389382,32.128395,104.63709219665749,13.349874365909093,41.32091315445639,13.174216175000002,40.97726605518106,0.41369704999999996,1.090235643193635,20.0,0.0,0.0,0.005263157894736842,110.0,0.0,20.0,0.0,,0.2531645569620253,0.0180113575570754,31.714697950000005,103.60684895566938,8.176150824322335,26.027940907583194,0.027181108600420202,0.1562234958171293,0.0164690925334158,0.07314409462852706,0.18181818181818182,0.01818181818181818,0.1,12.933537674242421,39.785943103917475,0.3782051282051282,0.04146342049312169,710.4304647962774,2649.768471638176,1.753974471182866,0.08083279313815889,161.57821729563196,197.95754254723482,0.6929818821956966,-0.623011126230168,0.0,0.4945023800137739,0.7418136410060677,2.9785789217525357e-05,1467.0,58.0,RandomForestClassifier,uncertainty_sampling,0.563953488372093
0,0.04447188017418084,0.11963981836991294,1.9787216459494101,0.09416301762492284,0.19047619047619047,0.0,23.242857142857144,1.463685886256465,0.08318936302722447,0.08781914152664184,1.2309051466200933,10.877677243833359,722.9712662026119,2700.4778376034133,9.837863546375804,29.98549855929121,5.250246095732401,15.5857508170372,5.25,12.57961985,39.286073806351794,-1.1183149651642579,0.19689121954396097,9.918625653509997,31.41708469227277,32.12720235,104.63746579278978,13.326651065238096,41.25714017950866,13.074548149999998,40.739494673546865,0.41456230000000005,1.0899180737145773,20.0,0.0,0.0,0.005263157894736842,105.0,1.0,20.0,0.0,,0.2531645569620252,0.01769347675187286,31.712640049999997,103.60749177947253,8.23976403804102,26.259385385841078,0.024324589820145893,0.164808900810479,0.016432584269662924,0.07308289806301932,0.19047619047619047,0.01904761904761905,0.1,12.846136831746032,39.51853614957696,0.3782051282051282,0.04231211808588482,722.9712662026117,2700.036338040022,1.753446133185554,0.07964993664440398,154.8574327830457,200.12345453382414,0.6909233093138181,-0.6257299888022678,0.0,0.4907319225223556,0.7480569124553569,1.9043632603980966e-05,1467.0,59.0,RandomForestClassifier,consensus_entropy_sampling,0.6233258928571429
0,0.030173682431124744,0.011716688233310837,1.978832606293755,0.09439208185170266,0.2,0.0,22.2,1.3558701406786118,0.08549673393317238,0.08865695310562194,0.8595132432427232,5.797230579078303,700.8697320562544,2603.390793018172,9.566138124448447,28.973793288734754,5.1051147073774,15.099190045701029,5.0,12.177938812499999,37.704796503012176,-1.1041721130461233,0.21635961929223882,9.06452284794,28.022197610487996,32.12720235,104.63746579278978,13.003850590000003,40.01130405920115,12.022049550000002,36.496699922150675,0.41456230000000005,1.0899180737145773,20.0,0.0,0.0,0.005263157894736842,100.0,2.0,20.0,0.0,,0.25316455696202533,0.017434441583453194,31.712640049999997,103.60749177947253,8.137753054823566,25.84664708531058,0.03315328838896542,0.18345034519405926,0.016412183854044325,0.07301140085683114,0.2,0.02,0.1,12.428065929166666,37.91609470516781,0.3782051282051282,0.0428169871839719,700.8697320562544,2603.25953871979,1.7515651349246548,0.0782454834122218,143.52185372499568,197.11869577613908,0.6881388137135884,-0.6234021239180569,0.0,0.4879241503857652,0.7603149216476668,1.9735685598883082e-05,1467.0,60.0,RandomForestClassifier,margin_sampling,0.6363364262196947
0,0.029370623024853822,0.012771143531249212,1.9787208087550827,0.09408342720502579,0.21052631578947367,0.0,21.123684210526317,1.2975650704230914,0.08539619437158409,0.09031056374915572,1.1817334509520372,10.159309310906389,713.7744505311546,2661.892846753225,9.514654554182847,28.718825654473655,5.030587841673508,14.837886237878058,4.75,12.15025925,37.81259132600273,-1.0899565040581183,0.21551596879347007,8.951334195719998,27.58800629198568,32.12720235,104.63746579278978,12.97775259421052,39.83621085396003,11.77465285,35.428564893044395,0.41456230000000005,1.0899180737145773,20.0,0.0,0.0,0.005263157894736842,95.0,1.0,20.0,0.0,,0.2531645569620254,0.017670158141578463,31.712640049999997,103.60749177947253,8.194282514275837,26.089485371604116,0.03637371778764249,0.20704791880059895,0.016388960095701958,0.07293244292687294,0.21052631578947367,0.021052631578947368,0.1,12.324276557017544,37.44255267237537,0.3782051282051282,0.04380901283310185,713.7744505311548,2661.5018750282416,1.7483850595435357,0.07909513251913709,137.959930199482,200.23680051608054,0.6806294878916634,-0.6294395154914347,0.0,0.4887924510272157,0.7518147319175538,2.375260357514717e-05,1467.0,61.0,RandomForestClassifier,margin_sampling,0.563953488372093
0,0.03583933649462,0.014287019252760342,1.9784809463757607,0.09464293355588485,0.2222222222222222,0.0,19.958333333333332,1.2519647480408858,0.08663225405986648,0.09160725248007294,0.9113719420315647,6.444010401432392,688.5060691473676,2549.5412477698596,9.252905976095844,27.850269915602833,4.868016335289181,14.321722140126951,4.5,12.028973249999998,37.29128157548424,-1.1022766423996548,0.22296672600627926,9.027984170939998,28.103139493381683,32.1267941,104.63759365665896,12.695015356666667,38.85713192853758,11.499347475,34.70543457303817,0.41498570000000007,1.0897571708291185,20.0,0.0,0.0,0.005263157894736842,90.0,1.0,20.0,0.0,,0.2531645569620253,0.01837587967164318,31.711808400000002,103.60775146898968,8.079383919869654,25.613105704177862,0.034802352802939,0.20197580856242262,0.016370359835016356,0.07284306743176762,0.2222222222222222,0.022222222222222223,0.1,12.050226648148149,36.526734209767504,0.3782051282051282,0.04469760248133893,688.5060691473675,2549.3759683074477,1.7511925064766336,0.08133091789497604,129.95964777838924,195.45675856119604,0.6891913443047393,-0.6264048020601437,0.0,0.49061428711393185,0.755655958791789,4.4834358682825626e-05,1467.0,62.0,RandomForestClassifier,entropy_sampling,0.563953488372093
0,0.03549073029493822,0.013292627422437876,1.9785571479202855,0.0943760054525191,0.23529411764705882,0.0,18.9,1.213729739667106,0.08554732762296703,0.094371712401349,0.492229069791336,1.9224835343002895,684.305118699581,2553.735002192407,9.407913471942521,28.13913732926743,5.163557917013224,15.02958548020791,4.25,11.9247695,37.02657292179834,-1.0900052309336838,0.24196572107296374,8.877202935509997,27.443007596856535,32.12589344999999,104.63787595286377,12.773182205294116,39.01169764968595,11.7745615,35.42859991327283,0.4157884500000001,1.0894471210891898,20.0,0.0,0.0,0.005263157894736842,85.0,2.0,20.0,0.0,,0.2531645569620252,0.018153688807837663,31.710105,103.6082836827553,8.025127723212846,25.544644999144488,0.025651802747576512,0.21225768204230155,0.01634032999164578,0.07274503193656129,0.23529411764705882,0.023529411764705882,0.1,12.146040884313724,36.73315396213817,0.3782051282051282,0.0465340549237397,684.305118699581,2553.719656857688,1.7467503454118738,0.0825175097199574,118.96219288253424,195.01747378064488,0.6814056518804263,-0.6185528871407971,0.0,0.4821671198615229,0.7648292792882356,2.7690375202514526e-05,1467.0,63.0,RandomForestClassifier,max_disagreement_sampling,0.6363364262196947
0,0.03784409851244279,0.015126414279287638,1.9786553996685803,0.09524384457736117,0.25,0.0,17.740625,1.139372849644193,0.08982209099936315,0.09330283524547696,0.6800493328139932,3.163195251859689,681.2238021678297,2539.6559867060664,9.452235414632906,28.15963160859607,5.534173049334502,16.130171599800825,4.0,11.997807412499998,37.27186515080489,-1.0830799879246944,0.2528993164438598,8.876661564119999,27.517912553130312,32.12589344999999,104.63787595286377,12.73656338875,38.78511275399358,11.4993276,34.239020593341245,0.6657884500000001,1.9485908682313962,20.0,0.0,0.0,0.005263157894736842,80.0,2.0,20.0,0.0,,0.25316455696202533,0.018066423297452644,31.460105,103.24465158978856,8.011434352718128,25.48561455492135,0.0378219695338753,0.22130677901360837,0.01630541587191492,0.07263484277284812,0.25,0.025,0.1,12.069518107291668,36.38320685396806,0.3782051282051282,0.04792078759702055,681.2238021678302,2539.6149744850272,1.749649692121438,0.08163743132579993,113.79974014304389,193.60424543968566,0.6881388137135884,-0.6153666168688688,0.0,0.488405281486002,0.7563738554006921,5.686377941527569e-05,1467.0,64.0,RandomForestClassifier,uncertainty_sampling,0.6363364262196947
0,0.040536640815214894,0.01849868909559324,1.9783867624700797,0.09492116373963523,0.26666666666666666,0.0,16.543333333333333,1.0948461367073745,0.09592669831945176,0.09174182350162902,1.6370622376035526,15.644118756743431,656.2666993973769,2440.0291572316005,9.332637283809616,27.69333377653353,5.462311143957227,15.9166841366961,3.75,12.022887149999999,37.52987995558069,-1.1259117836492054,0.18113436367484426,8.80363202397,27.457428264591123,31.27361765,101.13571265751463,12.620306381333336,38.3188008712569,11.37566445,33.64619032263631,0.6691649500000001,1.9474668116050409,20.0,0.0,0.0,0.005263157894736842,75.0,3.0,20.0,0.0,,0.25316455696202533,0.01867321873850855,30.604452700000003,99.72451829400183,7.8796298857812985,25.009011686537043,0.010579664239107441,0.19750936925089,0.01628577106518283,0.07250541748016398,0.26666666666666666,0.02666666666666667,0.1,12.055798363333333,36.28182296427884,0.3782051282051282,0.049089379560170524,656.2666993973769,2439.020229845119,1.7585145386981709,0.08303725457039786,117.44231377347825,192.95152045337412,0.6887852792452958,-0.6547841747180593,0.0,0.5068657395243605,0.7265286714082146,7.147150605654397e-05,1467.0,65.0,RandomForestClassifier,consensus_entropy_sampling,0.6363364262196947
0,0.0435022283116442,0.01748571817830041,1.978410359820971,0.09391800754316236,0.2857142857142857,0.0,15.425,1.080836029071538,0.09742640004611526,0.09345512386159323,1.366793008369691,11.593723044500129,680.9840329668904,2533.456918590494,9.158788486701804,27.120546424284285,5.298992048726663,15.416178941486926,3.5,12.0930597875,37.77611989701898,-1.1094205635309695,0.1858513745359191,9.019001727645001,28.106076458393385,31.273069600000003,101.13588538836021,12.548801704999999,38.07653690634445,11.0977426,32.798728537293115,0.6705678500000001,1.9469803239357277,20.0,0.0,0.0,0.005263157894736842,70.0,4.0,20.0,0.0,,0.25316455696202533,0.01843379669521503,30.602501749999995,99.72512889290903,8.017608450306383,25.478618232889566,0.021330894028714333,0.2195572669226649,0.016251509661835747,0.0723597929489633,0.2857142857142857,0.02857142857142857,0.1,11.928441136904762,35.84181875928207,0.3782051282051282,0.0511375089705555,680.9840329668903,2532.9217233259533,1.756530361718717,0.08518567823198363,110.07123593184389,197.0074879148617,0.6866022772194198,-0.6579799213953732,0.0,0.5065165223158898,0.7263086606706659,8.240800615618056e-05,1467.0,66.0,RandomForestClassifier,entropy_sampling,0.6363364262196947
0,0.04872159841722918,0.026668663809110753,1.9786459051661942,0.09323066708899318,0.3076923076923077,0.0,14.257692307692308,1.024332128802057,0.10098670332995642,0.09560061030932322,0.8658938555817981,4.7679095182248155,688.8389549062986,2564.9765233954754,9.28370270642347,27.470673779906065,5.419612017425716,15.801578792942676,3.25,12.1149569,37.931216294786,-1.1068135200620188,0.21197924186727465,8.87064087378,27.596508728052264,31.270829400000004,101.13659208673742,12.663012398461536,38.394105218066585,11.3729318,33.64713176721419,0.6711278,1.94678129382418,20.0,0.0,0.0,0.005263157894736842,65.0,5.0,20.0,0.0,,0.2531645569620252,0.017729994738407116,30.599701599999992,99.72600503902277,8.05819230245497,25.626969587422696,0.023936505857872326,0.22556752278847658,0.01622528248587571,0.07218853336679103,0.3076923076923077,0.03076923076923077,0.1,12.03083236794872,36.1188878869842,0.3782051282051282,0.052748804473575384,688.8389549062979,2564.88543678784,1.7610893167036552,0.08587098299927955,99.22443228399311,199.65331575737116,0.6730116670092565,-0.6591007166981421,0.0,0.4971186875785859,0.7254135730746093,5.323942151691314e-05,1467.0,67.0,RandomForestClassifier,consensus_entropy_sampling,0.6363364262196947
0,0.026430255530365893,0.019215112116971824,1.584531380640832,0.0019280276121382198,0.3333333333333333,0.0,13.158333333333333,0.9333926030414155,0.10348564035267876,0.09804049649752425,0.8830549461111635,4.94973444761205,684.2531842153497,2550.0352402284225,9.559232040643328,28.24575697540779,5.536122442472517,16.2208013642567,3.0,12.265939237500001,38.44683571267777,-1.0893248260882402,0.21837429786966103,8.933243362259999,27.816346415595707,31.267548850000004,101.13762660573609,12.986965508333336,39.33374284080682,12.372474350000001,37.12231059521204,0.6734103,1.9459983545457178,20.0,0.0,0.0,0.005263157894736842,60.0,7.0,20.0,0.0,,0.3333333333333332,0.008118705007457577,30.594138549999997,99.72774668460343,8.026479311259257,25.543127906414462,0.020254054630503966,0.21869381523281015,0.016195856873822974,0.07198803359981694,0.3333333333333333,0.03333333333333333,0.1,12.548350372222222,37.71604990531961,0.4444444444444444,0.059194581167817326,684.2531842153496,2549.9366094469538,1.7565167915183724,0.08523874487714957,89.8369299483137,194.92490003185816,0.6909233093138181,-0.6337067451855578,0.0,0.4919324342736393,0.740590012028952,0.00011119562437814987,1467.0,68.0,RandomForestClassifier,uncertainty_sampling,0.6363364262196947
0,0.03612755684764213,0.027867969482826216,1.5838951534616614,0.002653033355617644,0.36363636363636365,0.0,12.036363636363637,0.8762136844830837,0.1075958241971976,0.10205750735788413,1.5928644014433126,14.200006829112597,713.0891642744643,2694.802501920036,9.493520310105378,28.045699527229434,5.392281778699203,15.787835641359276,2.75,12.774639175,40.836252718686765,-1.099222568088014,0.21436756036490973,9.452902964819998,30.334175058337152,31.264224000000002,101.13867548535057,13.094172506363638,39.833402545866385,12.827984700000002,38.916409970301466,0.6767513999999999,1.9448999612439115,20.0,0.0,0.0,0.005263157894736842,55.0,10.0,20.0,0.0,,0.3333333333333333,0.012820117729284191,30.587472599999995,99.72983450544471,8.131973903400178,26.096181707168594,0.0022455698168179308,0.20961249521552935,0.016122004357298474,0.07175866105718011,0.36363636363636365,0.03636363636363636,0.1,12.755783263636364,38.55387535904932,0.4444444444444444,0.06352527630766949,713.0891642744642,2694.048663520964,1.7593213733282755,0.08591337220162971,84.63435832769144,198.6115894539493,0.6929818821956966,-0.6325171353391407,0.0,0.49169268538488975,0.7279243397433238,0.00013178740667039985,1467.0,69.0,RandomForestClassifier,entropy_sampling,0.563953488372093
0,0.0559531878436353,0.12250670377435004,1.5839349253662758,0.001996953414258161,0.4,0.0,10.41,0.8515591941987883,0.11614294423740107,0.10473830253520115,1.3472372234706986,10.434313523074565,659.0760760276592,2443.111670792273,9.159260444461788,26.946617158059343,5.162129600077511,15.122658348077193,2.5,13.1168802625,42.050997330459076,-1.1294054898676162,0.2443729950015402,10.152385008675001,32.660028596153644,26.09873805,80.50180311440033,12.752690536999998,38.61414685215674,13.1558393,40.19897299041324,0.6767513999999999,1.9448999612439115,20.0,0.0,0.0,0.005263157894736842,50.0,9.0,20.0,0.0,,0.3333333333333333,0.012577443714661588,25.42198665,78.95288367660498,7.9012881346442025,25.06088841708676,-0.022107713629290093,0.21720778959568357,0.016051526993776235,0.07147859116377565,0.4,0.04,0.1,12.518338356666668,37.77117175695152,0.4444444444444444,0.06824997174930762,659.0760760276588,2442.6609051483947,1.8065366895021895,0.08567807865563871,81.83909131559423,194.39308049719682,0.6899437584583995,-0.678485911075095,0.0,0.5080519596910047,0.7130987474320326,0.00024805656407485787,1467.0,70.0,RandomForestClassifier,margin_sampling,0.563953488372093
0,0.04181813681817434,0.025081254337565938,1.5846340123506546,0.0014690446525165515,0.4444444444444444,0.0,9.311111111111112,0.7944329659409517,0.1184517905400004,0.10570384972995525,1.1685166345472342,7.714838142638467,643.8273832008815,2404.748335236563,9.305056037559664,27.246398579492496,5.61909628632929,16.910375948275597,2.25,12.487624749999998,40.02697474542437,-1.1247610703007433,0.27246803616275345,9.671742063690001,31.05951078300617,26.09135875,80.50422943184151,12.721665847777775,38.20749630056279,12.824631450000002,38.68559194540263,0.9810558,3.193668797416433,20.0,0.0,0.0,0.005263157894736842,45.0,11.0,20.0,0.0,,0.3333333333333332,0.007086586712703123,25.110302949999998,78.37970722707486,7.7826480094052455,24.778126456563555,-0.0040334649105621375,0.2139605494692841,0.015990259740259742,0.07112943599779707,0.4444444444444444,0.044444444444444446,0.1,12.347631229629629,36.884092118050056,0.4444444444444444,0.07152001931420562,643.8273832008815,2404.4964416231505,1.8160229333063442,0.09075745817234901,74.26090332986685,191.5422491561915,0.6929002466535776,-0.6752833815050894,0.0,0.5046774689332855,0.7106210098696274,0.00030443305591005285,1467.0,71.0,RandomForestClassifier,entropy_sampling,0.6233258928571429
0,0.04787515547947324,0.03497374202547506,1.5503514587332743,0.15078520412387333,0.5,0.0,8.16875,0.7335536528015258,0.1325829497601318,0.10939383976730077,2.432575207990152,24.040780095269653,634.6698107701295,2357.677817443578,8.825669117249396,25.734807600984674,5.328604491948597,16.034337304402563,2.0,12.544025325,40.284683526840425,-1.1107441874658717,0.296578494437659,9.407053263300002,30.093116040095378,26.087512049999997,80.50549445303764,12.231516223750003,36.57315657210229,11.344719549999997,33.4416083660207,0.9861823500000002,3.1920961856621375,20.0,0.0,0.0,0.005263157894736842,40.0,12.0,20.0,0.0,,0.3389830508474576,0.04602079422257595,25.1013297,78.38262667460776,7.750948489467855,24.593379688631767,0.017250637431616193,0.24786162391702077,0.015915915915915915,0.07069031787954254,0.5,0.05,0.1,11.716129087499999,34.7926865751747,0.4482758620689655,0.07808946027235335,634.6698107701294,2355.2129411311585,1.8205573265816788,0.09242801002984734,62.41889779766141,189.72037041084172,0.6881388137135884,-0.6644523188340673,0.0,0.4930374246669597,0.7263090040484247,0.00038899779366284527,1467.0,72.0,RandomForestClassifier,uncertainty_batch_sampling,0.6233258928571429
0,0.06213773754744225,0.03817368323227423,1.550960754627813,0.14674117632741723,0.5714285714285714,0.0,7.0928571428571425,0.7182897229185589,0.13617696903953797,0.11051946596256845,1.5525109069828384,12.697249289200746,599.5688826519131,2237.9858915800482,8.941566192347548,26.062236779801538,5.786689404786939,17.763622397879857,1.75,11.926367,38.28145212760044,-1.0809100085834187,0.31532183141120873,8.844591443519999,28.103452391208954,26.08532045,80.50621561678953,12.086834548571428,35.96646883644303,11.1092781,32.72677076174413,1.4386286000000004,5.153757734022321,20.0,0.0,0.0,0.005263157894736842,35.0,12.0,20.0,1.0,,0.33898305084745756,0.04421737206212122,24.646691850000003,77.55408044986335,7.519945600909121,23.90814221163733,0.03254223349836329,0.3029895223443172,0.015824142156862744,0.07012140475594712,0.5714285714285714,0.05714285714285714,0.1,11.49472305952381,34.009855268721026,0.4482758620689655,0.08201938475108202,599.5688826519133,2237.258414412555,1.8220802187573142,0.10042351391042166,58.699944199178525,185.14326391562423,0.6927389617440811,-0.6838659013660213,0.0,0.5149094525435968,0.6964754134721962,0.000621251530061101,1467.0,73.0,RandomForestClassifier,entropy_sampling,0.6233258928571429
0,0.06818177318181104,0.04475238373655801,1.5849625007211556,4.556259157007654e-16,0.6666666666666666,0.0,5.883333333333334,0.6236479628838657,0.1412178070438789,0.11992018143427308,1.1806453197012665,7.4773186409646,626.5527544292186,2370.6821351390035,9.241916645431036,26.991416689997806,5.8681192757346885,18.12070794494408,1.5,12.131926249999996,39.02832379758065,-1.0987027897658945,0.3788426822679446,9.28658334009,30.01552282923103,26.082329450000003,80.5071976178568,12.551393583333336,37.689159960276484,13.1369416,40.07547882656565,1.7072627999999999,6.252809678283184,20.0,0.0,0.0,0.005263157894736842,30.0,14.0,20.0,1.0,,0.3333333333333332,1.1195921614018072e-16,24.37506665,77.11873619357243,7.625872091635546,24.460469274476576,0.06420024837903246,0.3418303553371213,0.015640394088669952,0.06936840631556442,0.6666666666666666,0.06666666666666667,0.1,12.13919260277778,36.419679031586234,0.4444444444444444,0.0864231173036072,626.5527544292179,2370.441643831953,1.8464755464346676,0.10147727394103842,54.17819003225026,190.43666776574617,0.6909233093138181,-0.7020598002871808,1.0,0.5272027183734079,0.6688983056004577,0.0009656765067787174,1467.0,74.0,RandomForestClassifier,margin_sampling,0.6363364262196947
0,0.03729413086579097,0.052431218349484686,0.9916757997234482,0.03206403536877369,0.8,0.0,4.82,0.5116863459842041,0.1617342298155093,0.1351888273843631,3.861833477879751,43.13850024541828,661.8561436692174,2481.1704303918627,9.611387330010452,28.190010799139387,6.024431276542799,18.238807183904008,1.25,12.812716849999997,40.970572294768054,-1.142068083741831,0.34872631559228207,9.72851867547,31.183828700950734,26.064334100000004,80.5131232037559,12.886720912000001,38.864218727365945,12.8127758,38.689622440432906,1.7136560999999997,6.25106932292882,20.0,0.0,0.0,0.010526315789473684,25.0,16.0,20.0,1.0,,0.5,0.05358913016456669,24.350678,77.1265664513249,7.874148174156185,25.128175299759064,0.056252727642508195,0.3464017334955621,0.015277777777777779,0.06832429931249359,0.8,0.08,0.1,12.41967894,37.402156812085174,0.5,0.10459785591708175,661.8561436692177,2473.638153169554,1.8747883432181556,0.10329013319782564,44.21488346940397,195.69701348688938,0.6923469670899615,-0.7126832547457066,2.0,0.5139798646240983,0.6738152229927273,0.0012699219638906013,1467.0,75.0,RandomForestClassifier,margin_sampling,0.6363364262196947
0,0.053100194564897285,0.12626245174828477,0.9967034027687746,0.014742831006915376,1.0,0.0,3.6625,0.4902000128841073,0.1792364186167097,0.14646040789176681,3.3025042848905453,36.02278732551962,584.8715621284731,2115.5074932431617,9.689912596581147,28.493398261514315,6.8630955916779355,20.049481959258735,1.0,12.125181437499998,38.33576221709525,-1.1316281851114192,0.3560827027900587,9.056664586095001,28.333868409140553,25.0510955,76.66752972041579,12.457301507500002,37.395195939480764,11.432483600000001,34.44325013769485,2.1239752499999995,6.6450812210232915,20.0,0.0,0.0,0.03684210526315789,20.0,15.0,20.0,0.0,,0.5,0.03396831102433788,22.92712025,71.5567244020005,7.532219383828981,23.57825120255717,0.08501643300997277,0.40117535330820925,0.014912280701754385,0.06668974669736213,1.0,0.1,0.1,11.9618384875,35.990369333362295,0.5,0.11027573537688028,584.871562128473,2109.3452996022656,1.9093012471715975,0.11168856443940323,30.843085151479308,181.66868379297054,0.6931471805599453,-0.6934078509627035,2.0,0.49138657363977317,0.713160623172717,0.0025185318095476378,1467.0,76.0,RandomForestClassifier,uncertainty_sampling,0.6363364262196947
0,0.07177640036525532,0.14155113903414035,0.9887840874796133,0.03581082767875835,1.3333333333333333,0.0,2.5833333333333335,0.3999627958888653,0.21156759606651762,0.16528967046136583,3.766837206291194,40.91778563140476,497.1896066616643,1836.2322157839922,11.897018911788754,36.3479768918083,9.589949055358478,28.845440662834744,0.75,10.960730525,35.120522022099415,-1.1636085912952236,0.48161556121348853,8.81248514748,28.675988807553615,24.784332749999997,76.14757820153434,13.892162869999998,42.851834345251184,14.66986495,45.81963740701015,2.8952134000000003,8.418963962000872,20.0,0.0,0.0,0.06315789473684211,15.0,19.0,20.0,2.0,,0.5,0.06224663745652349,21.88911935,68.13926068580349,6.903179918086602,21.753056982511914,0.025920482970049036,0.39409942382118945,0.014285714285714285,0.06388765649999399,1.3333333333333333,0.13333333333333333,0.1,13.704210161111112,42.50862238893131,0.5,0.13125298443463332,497.1896066616638,1827.0620963319125,1.94869455644,0.12375199377759484,23.749914091580695,168.97233671930528,0.6730116670092565,-0.7055930177341472,2.0,0.5027263325478544,0.633074227271851,0.008033420352651565,1467.0,77.0,RandomForestClassifier,vote_entropy_sampling,0.6986607142857143
0,0.09818178210908686,0.1238924612861806,1.0,0.0,2.0,0.0,1.425,0.13437096247164249,0.2670174193459472,0.2045599788337616,6.631174416424056,77.05283612030051,495.0951870602218,1813.1117593208992,11.872424253025066,35.59803869248984,9.35174078535711,27.655424172647482,0.5,10.7992236875,35.25894610311195,-1.4283246966747263,0.34042845325762133,7.7571596815650015,24.36742361917803,24.16161155,73.86031678422086,13.969809289999997,42.29944630173131,14.61123155,45.18968813937965,2.9419644000000007,8.40296337452853,20.0,0.0,0.0,0.1631578947368421,10.0,18.0,20.0,2.0,,0.5,0.0,21.219647149999997,65.81933259286048,6.948509241614697,21.687090663618704,0.09801595521006531,0.3737183005270694,0.012962962962962963,0.057972132749994534,2.0,0.2,0.1,14.217457724999997,43.21878436823711,0.5,0.15871685746389627,495.0951870602218,1779.9935318083608,2.1193032914490897,0.07820728538285011,15.741362339504061,166.92933039317123,0.6730116670092565,-0.7105449580690237,2.0,0.51061936005476,0.5902303084392457,0.019941943596296523,1467.0,78.0,RandomForestClassifier,uncertainty_sampling,0.563953488372093
0,0.5,0.0,0.0,0.0,4.0,0.0,0.475,0.03423265984407288,0.42087016242934006,0.25569336658965935,7.714344696851733,88.54427825653042,429.7812518558976,1515.535867099077,9.648918457428904,28.176260575048246,7.494100045575964,21.679416618464543,0.25,7.10684125,23.948542285012866,-1.7575759977385812,0.3821019953122681,7.049446094249999,23.55804916563514,19.8412313,59.44958057517602,11.621469030000002,34.19144341828927,10.917383300000001,32.00580591336833,3.0041882,8.381712370707524,20.0,1.0,0.0,0.3894736842105263,5.0,17.0,20.0,6.0,,1.0,0.0,16.837043100000002,51.25429946604791,6.588369205835886,20.167056071552643,0.0061310112382602,0.48540081018896675,0.01875,0.08385254915624213,4.0,0.4,0.1,11.75397521666667,34.52608807436668,0.0,0.0,429.78125185589744,1462.7652684183279,2.565419913468192,0.15108548056062462,4.655361590643353,147.64639268174116,0.6730116670092565,-0.6407389703355342,2.0,0.36458402162319686,0.7758049484059176,0.08835921269832424,1467.0,79.0,RandomForestClassifier,margin_sampling,0.6233258928571429
